AdoptionSpeed,PetID
2,86e1089a3
2,6296e909a
3,3422e4906
2,5842f1ff5
2,850a43f90
2,d24c30b4b
1,1caa6fcdb
3,97aa9eeac
1,c06d167ca
4,7a0942d61
1,8b693ca84
1,8e76c8e39
1,aaedd873d
2,4a9793dfb
4,c02be41e6
4,1fd342e17
3,b38a74866
4,f9d07d5fa
2,1c92ce464
4,b10e7605a
2,6436c1a59
4,234a5a54c
4,1bc0f89d8
4,1bf24d8be
1,988988d5b
2,cf7d3eec0
1,85fc3c314
2,efbf1703a
3,7843a9dca
2,d341fbfd6
3,1a76190c5
4,edb920079
4,543130f60
1,9415bc79e
4,4c6fe4100
1,0737e4f11
4,61fa73996
1,eabb13cea
3,deff069a2
4,4e3640544
2,ace21b6b1
2,8ee223a17
4,9a38d4275
2,671ffc570
4,aece6e7bf
4,c1e816568
3,22f6c0ac6
4,ea159d8da
3,af1035c81
2,0d25f084f
4,6fecc5cf7
4,7fe8ef73d
2,015c75c9e
4,9609a0b86
3,c740abfe1
2,f6551137d
4,8c131db77
4,d765ae877
1,8ce183889
4,9c0ddccc8
1,f9df8656a
4,f0ef9c777
4,3181e5424
2,9883a048e
3,b0dec8779
1,e8d0907ae
4,e540c1ba5
2,4a4db4d32
2,98a98311c
4,ef14861df
4,a9bc357f0
3,aaf4a1439
1,1e62e6022
4,4e797dcdd
2,45d2ddcb8
1,259b10a3e
4,d2490c888
4,2c93c0c11
1,35593da00
3,4cc70e613
4,ff125cf8d
1,c30dd6e9a
2,be9474b85
3,815f4cc08
3,ec5069cf6
2,867308404
1,e9df3ead7
2,258667857
3,fd3172797
3,8df0bb3b3
1,3d0752cd9
4,22051ab84
4,573b3ec3d
3,370fe2afb
4,dd308e46b
2,6a763a055
1,5e4154870
3,a44d42407
4,cc8401c02
1,0f24b6cd6
1,49bb70e36
4,43ddb2eb4
4,dae92dd61
3,a6ac8884b
1,60ce9e319
2,5247209aa
4,19b1f4263
4,d50e11ec5
2,4407e70f3
3,27b6e5aca
1,80ebea85c
4,1bf1f95ef
2,cdab8ba8e
4,b84dad49f
1,f0a2122d4
2,1104fe6bb
1,46d88ca3e
4,b99d5d532
2,2b6d08cba
2,b9429dc85
4,c61f6507e
4,e464fcd4b
2,86379f12f
3,55fcdea2f
4,392d3346e
2,33db028cb
2,35c0c3aca
3,d080818c3
2,6f0cb510a
4,61ac3c78c
4,368b2adc1
4,2e4c1faf7
2,a85a1c8c3
2,25c7d6c3b
3,0b819602d
4,4c594983d
2,05f99fc56
2,1dfadc371
3,6d9b202c9
2,54791dc58
2,b36616178
3,2ac4dd8c2
2,29f54c6ff
2,48b418070
2,c7eac7b01
1,8e0d65b3e
4,9a34ddc8b
3,ff9f62e79
2,4a6ee5d02
4,474bccd75
4,e4abb93bf
4,120805f93
1,2acf3fdce
2,e1ecc1b26
4,a8cdba660
3,9bcd62ef1
4,c3f2f166d
4,687e9c33c
1,bb5f471dd
2,0aaf6976a
1,45600eaab
4,dcba09ff1
3,d7f938acd
3,ea11b6f12
4,3332eb59c
4,b3e19ff68
4,594e3dc3f
3,fbb112b7e
2,d14d62508
2,5de61cf6b
2,b9590d4de
4,747c82f83
2,3004c3401
4,c737c30d7
2,03b0568b3
2,987baa1c7
2,70b3d1f9c
2,27456ec0f
2,5c28a8cec
4,2c8ae4c7e
3,cd7bea671
3,7bda94ad0
4,ab4b4681b
4,aa189a931
4,d0bc14f47
4,eab8c8c03
4,3b4a987ba
3,1bbb46822
4,5c546c236
3,702bee848
4,66757255c
1,0b0f596b5
4,938bcf142
4,bea72e6c5
2,52e555a3a
2,3998bcfec
2,e62e5aa26
4,933e0a3e8
1,1eb8a0278
2,d5df16a32
2,06296e4e2
2,207d61997
4,38a81271c
3,65d10be4d
4,c7b468b32
2,6df350974
4,249112486
3,8f85e69ee
1,b243b8e93
1,89523a695
4,4f0eacbdd
3,b5fcc079e
4,53976b229
4,f4ed1a08e
1,2f3227612
1,ba66a7a82
3,d4e83ee5b
4,00a1f270a
3,74e316be1
1,039509c40
1,eeb60466e
1,c6cdbebfa
4,82137b39f
4,28b64c198
4,f70251906
3,9d76ed82f
1,e83f846eb
3,60b9421cc
1,72a7cb335
2,0bd4aed6b
2,ae03f99f2
4,5a1010bca
4,6a5c652b5
1,040771e8e
4,706a9cd5c
1,62550cf78
1,701c5afba
1,d0fcfeb0f
1,7bce76c66
1,3b0b88ac2
1,a88d34ee3
2,061378b30
4,fc1457818
2,a27f0cc49
1,728c78b39
3,6c054c4ef
1,d5b9e0322
1,a2dc697f6
2,b04b200fa
2,be7b65c23
4,e37f4aa07
3,7de2f688b
2,e7020fa9a
1,752491221
2,c2346525a
3,bc7361016
2,66201cf73
2,b7359384d
2,be23e42d0
3,1c59cecac
4,e7e1904f4
3,2e3bfe5a9
2,13f07ee9a
4,d78d1dec0
4,821bd9373
4,720db9cb3
1,0443d6f82
4,67efce2e0
3,fa1a30192
2,c675f3b10
2,6e3d78857
4,d4d6997e3
1,d13d93f69
4,d8715d47e
2,c15b3c9f1
2,3bef75882
2,60bf93971
4,e9eeadf82
1,a4530b1d0
3,da6bb3100
2,79669f807
4,3af2b1473
1,0f0f81a37
3,b8976d821
3,9eb98f34c
4,e317b2a73
3,ebd78e1d4
3,0822c54d5
4,4036e0e12
2,f34d62be0
2,2a7b5edbf
2,18042e473
1,dc99804de
3,0fb490c9b
4,284be445a
4,a831df76b
3,145883970
4,e3d9dc96d
2,9a64e72cf
2,6e643eba1
3,a1b3dafc9
2,fe88a5777
3,bda2d149e
2,6cb5381cb
4,366a03818
3,732d546b4
2,a8a8f95f6
1,0b4bb9906
1,5eeb10b7a
2,f03b04b1e
1,a672ea96d
4,4df43033d
4,d25638f81
2,aafb75ee8
4,e9cf01a21
4,1c74d62ed
2,2148c2ef6
1,f0bb05fc7
4,479500716
3,1afdf61ec
4,b4d0c60b6
2,110d4487e
2,27cede3cf
4,99dcd9020
4,4cb8fe436
3,a13ed5e9d
2,7adc5209e
2,0a8ee7520
2,82aa52460
4,4c9f111f1
4,eb6c692dc
2,d096658bb
1,109c4f5a8
4,f8b702182
4,eb652ec07
3,026ebf139
4,6c7c5555f
2,1a9733afb
3,1a54d4e92
3,8526200d3
3,8df39788a
3,45543730
1,bf50b399e
3,a05289ebd
4,dee525fcd
1,ceed27182
1,c0a9578bb
1,66dda45c4
1,9c87d70e5
3,4574e3de4
2,794a45833
1,800a7c025
4,6c75b9082
3,6dbc5c968
2,4dad8252f
4,3f9f466d1
4,8bf9a6b80
1,c43ecb3e1
4,3a3ae56f1
4,172332f53
2,01f7fdb78
3,9b721dcaf
2,e20655a10
2,9718baba0
4,cdd7aee45
4,86550c5dc
3,ba311fc1a
1,bb05c1ce8
1,4060caeb1
2,e54ee8e55
2,1.66E+26
4,5a2c8a05f
4,d3d47c67d
4,8ba0c6894
4,71cc0a02e
2,75bbaa3fa
2,ca587cb42
2,b4eb7f4df
4,fd32ce3ef
4,a15d8c8a8
1,34cedf9bb
2,ab599a6ac
2,81da09ea9
3,e736ab042
4,81a815ef5
1,0f122f712
1,58a10d0cd
3,3b1976326
3,30ea81bac
2,35907f15e
4,bfb33b149
2,375905770
2,9ec161c16
3,19f38a3f0
1,e2f1f5377
4,0c17e1f32
2,b912b1114
3,bd9e9d9e2
4,241dd214b
1,84874570
3,c1df421c4
3,ab9f715ad
2,3cc84c2f8
4,ee5583527
4,9a770c49a
1,e07812482
3,997db5df5
4,301e16ab9
3,8705145ca
3,6e3aad5f3
2,75a11e0f8
4,219a1308d
1,915173d4d
4,c390140c3
3,81d97fa9f
4,78b07d4e0
2,6cd1cac68
1,fb3bd80d1
4,51372ce91
2,1a1283447
4,4831c683c
2,90592e40c
2,e4e5ea1d2
3,e7a74fca8
3,a5595a935
3,c7575df7b
2,e81c6347b
4,7ee058c3d
4,4d999ee22
1,0637293ec
2,7ead795bb
3,691a8b7ea
2,fcd21f3ec
1,9c31047a7
1,76d5726c4
1,03d59fc21
2,1a9e7158e
4,86afe98e6
4,0eba8b0ad
2,d38bcdf49
2,85a79f281
4,91c2159dd
3,91d6a2898
2,cfddf0c47
4,b102f525b
3,dc1c9f8d5
3,c96f9d3a8
3,072ae6d9e
1,fa94b21d1
1,b5df81f99
1,2c24655fe
1,c702e00d2
1,95d2a0bdf
1,c8208c3c9
2,9a9f6c753
3,92b89a666
3,6819ce556
4,17bdf954a
2,2bf834f39
1,53cd96ef8
4,da327c74b
1,10a6c97d5
4,f8d831236
1,75a4a14ac
2,df39a5468
2,37f127385
3,878e36da4
3,1ffe668f9
4,9a2f44ddf
1,54e2508de
4,432904c5d
2,d30b90a39
3,20559d623
4,2e1d3ae52
1,3b0b2a86a
2,64c1c412b
4,b28de653f
1,0e6dd5e23
1,46dea66ea
4,842b21328
3,184ea777b
4,86547ad6d
3,ead547f1b
2,703f38466
2,60b188249
4,845703071
4,3c5e8cc5d
2,9f533475e
1,0636650db
4,d8128cefd
3,6b3614a92
3,dd2ec7bf4
4,fcf377cce
3,fb9a96204
2,d4b028ea8
1,8520800b1
1,7f8f45a35
1,dd7ad37e7
2,c92256e41
3,caa9a4f53
4,4ef431298
2,044548f89
3,6c3a05812
2,5d1fa8ddf
2,68cdd6d6b
4,1171c9a41
4,f9994fbae
1,67dbd5ed9
2,129df65b1
2,cc25fb529
3,3db150833
2,3b8b38508
2,2e1d4e279
3,f4f349714
4,7d21dc4a8
1,c3cafb38c
4,a6e902691
3,e3f841674
1,a6423eca8
1,2cea63a41
1,1751240fe
4,6c48c9154
1,9a3c966a9
2,ac49bdbdd
1,7fc640ad8
4,05252b175
4,27104e464
2,da8a47785
4,1aa3952c1
1,8bac2d757
2,1ba11aaaa
3,e5164d828
4,a0dd85af0
4,0392c0c81
1,fff24fcb5
4,1195168b6
2,9f7bf4f71
4,accca912b
4,27c4981c9
1,c2558c319
2,12d514ef2
2,3e2cc2690
4,c5072890c
4,17e6747da
3,1f7d6b89e
2,0052dcf47
1,cdb855a69
4,6f93a41c5
1,23d2b8824
2,dc56ff89a
3,23379775f
3,fca85f778
1,2b3ec0f96
4,a9bfec3ba
4,8885f346b
1,33d3738f6
4,87f4ea65f
4,edf0ff7e4
4,bebab9790
4,f17d4ab32
2,97dc6aa32
3,489d05a55
2,51d8da535
4,bb4c6519d
1,9fceca5de
4,93849e2b5
2,700a93465
2,d95eabfe9
4,146d950bc
4,439f040ed
3,022d2d16e
2,e0238b8c2
1,a5b5eccb6
2,0b8614414
2,6e3457b81
1,20d4ea30e
2,f98750599
4,2f346ac72
4,fc9b4b692
1,ec7775c4f
3,487abc5e1
1,06f523361
4,5c66641a1
4,ed5f14fda
1,a23f0020a
2,5a5463e17
3,518f86025
3,8dfe4da6a
3,8c93a6e28
2,94bcf0199
4,e758e4c0c
2,f2b656028
3,c69842c2a
2,fa07f7477
4,09acd6b31
3,782eb0d9d
3,7fd7b7583
4,655cfc630
2,e9dc82251
3,2f19ac5ab
3,7687b7da2
2,203e2bd3c
2,6b0103c04
3,3f936cb8a
4,d0101e748
1,56583003c
4,f99a5e817
2,157e3e074
4,68731378e
4,1e24f14d6
3,eb8aeff64
2,e9e06e3f6
2,79f8b048f
2,488bfc285
2,5698c00e2
4,b5aa169b4
4,846e720dc
4,13d0266c5
3,1b87c512e
2,859bcc995
2,9744dcc69
2,a2ae5fa7d
1,445c703ff
2,b9d6b1488
2,1ffb40e20
3,c0fe34d97
4,1ee56e81a
1,4e3e41b78
2,f4415e636
4,f91147e5f
1,406a1e534
3,648897870
4,2418f7929
2,2f60db1f7
3,0e4049f6d
2,27268f547
1,113b2b57a
4,d9c54752f
4,daf1a8d08
4,1ba69dec6
4,b744f152f
3,30908fb77
1,beb3a6da0
2,e3897d3cb
1,cfe285c5f
4,92caf1d01
1,37bf6da18
4,24d9b76ae
1,86953ea0b
1,0162634c2
2,c0ca6dd73
4,6f72c46b5
2,c8fc0d746
1,7b8924342
3,5145f87a0
4,e73038b62
4,b8bf2c090
4,44bba906d
2,7d1d7a4f6
2,fbaec0999
3,e936f5f63
3,43b277272
3,36cc00cf3
3,4fc4ac031
2,d5a027e6c
1,4bff9728d
4,cd4b05b8c
1,77fa5cdd7
2,f253bd6aa
4,21493e6ea
2,c5e4cfab0
4,7667378df
3,d09835201
4,a76983523
1,b6637d165
3,c60e6aff7
2,ec7517f68
4,3304185a1
3,d7dc2efde
4,25560b530
3,59b224cc9
1,32ef0472e
0,51022a643
4,4f7aa1d3c
2,8b63e1b21
4,7395053bc
2,700de2c49
4,d39c87657
4,6dcbe818e
2,88030e16e
4,694caa813
4,4eb61ccb3
3,99558286a
2,d9033fea0
2,8e0c995a9
4,eb8620132
1,b279ec774
3,261cbe336
1,e02b6a2d4
4,c12b5f5de
3,7f8955f6a
2,9809485bb
1,9397426ea
3,865e968b4
1,7a25c5a12
4,cb9cffdff
2,b8d07c37b
3,f0ac69be1
2,80f8877f8
0,0eaa9f888
3,11960b9ed
3,9d24c695e
3,90e1edc71
1,3c273e42f
2,9dd9f107d
2,58fe1756c
3,ebbf04d10
2,2b4b4e40c
2,e7fbd95a9
4,30dbb2e50
1,1d46f1061
1,71c3f9254
1,3d181b3c6
2,3536e1efd
3,de993d8ad
4,f8233b736
2,76e071fcb
2,d8c1859cb
1,9ef475fbe
4,2ea365a6f
4,42e7de7c0
3,71ad8e81d
1,7ca780c35
1,c039154f9
1,eea0cb464
1,09c629b05
1,4be73c550
1,4683d863b
3,ff05d4438
1,6d8793638
1,79b514f79
2,9102809eb
2,4e7a22c99
3,8c36b62a9
3,5bda8f113
1,943e9242f
3,6d59be88d
2,181fb7dae
3,0ce98d199
2,1aef9fc86
3,b386bb45c
2,b7fa5b815
2,070faf086
3,36a216956
2,ae524a36a
3,391e0cefd
4,a0ece637e
1,9eb042155
2,c9646e275
4,7d2fe6bb6
1,154d24447
3,9e0b14cf6
3,80fcac43d
2,a2b42f2e5
4,ba8d53f1e
3,d23a8d771
4,3697f94e1
3,0baab7556
3,6f85ce1a9
4,f24991ef7
4,9c263fbc4
2,a0cc9df12
4,e825b8b9f
2,c4feb7269
1,14357e2ed
2,56437112
3,abc69ab7f
2,4137d96a2
2,dd5797b7f
3,59d4947b6
2,28c005011
4,3f5f5782f
4,dc0ee2c73
2,124f45c2b
3,8908c9d99
4,8f21fee9f
2,bcf13ec9d
1,0f3434f36
1,311479c63
2,0b57ed86a
3,2d33077f2
4,a372e8416
4,084e4c05b
1,842528c2a
3,96a1bce27
1,99ba1c605
2,d2dd62cf2
4,53549acd2
3,f981112a8
2,53d6d37c8
3,8edfea832
1,d83aa1f02
4,9e27976e9
4,dbaacc7e8
1,3a67f200f
2,c93c0faa3
2,c9439e71b
4,4f502df1a
3,9725bf4d2
4,53bcfd67d
2,949cb7ee9
2,a58d8080b
2,855de7c89
2,796774834
4,db635ae93
4,11f062cb4
4,137916924
2,f0885aa00
4,c7901e98d
4,30e66b835
2,55f34f8f5
4,1bd200942
4,f310c42f2
2,7acaea66e
4,5afe2ebbc
3,747359fcb
2,ff7ff0f3c
2,f62e604d6
3,64568c4a6
1,67221a8f8
1,2082ad764
4,8960dc21e
3,d7c661670
4,caf3220f8
4,a72a34bdf
2,8af4db3f3
1,0b59a57ff
3,2d837689d
1,da5ae6aa9
2,cc8bf5e79
1,06ecc204f
1,b022c1924
4,4a8caef08
2,c547fc4f7
4,dfa8ac290
3,642a88a93
2,5f2edae7c
4,a22c43e29
4,edf6a5240
2,92c2878db
1,d8fceeb86
1,d0b61aedc
0,89af60ff3
3,62b2ac9fd
2,bd5ac00df
4,7e87938c3
2,2db6c996b
2,e79f310db
2,f7af4ce3d
4,eea72fce5
3,9b1241ef0
4,102482c40
2,7d028bdea
3,c6556750a
2,defc7be05
4,209e4f717
3,14ae60869
1,303ecdb58
3,4463deb9a
2,502c3e7ae
2,4c1a9d86f
1,8c17f26c4
2,d9a014dbb
4,f195c540d
3,d33c9174f
3,7ddc32b12
2,3e4f81782
3,e53cf2373
4,93c9866b0
3,f2755d8bf
4,1727cfc45
2,cad137e83
3,0e8c2a1aa
1,b8d244dd5
2,4e00cd0ac
2,fd6c93d05
4,8563bddec
1,2acc0a068
1,b5033c917
2,f3b4e3f5c
2,80ae0a34f
3,ca144ac2a
3,dd8817ccb
1,b612d6ba3
1,c517992c8
3,661bcb904
4,d6e342121
4,8415aff49
4,d2be70a4c
4,e4253889f
4,c135c6b15
1,eefb8d885
4,545711134
2,133cc5f19
4,25ebacf03
2,982dce813
1,fe3e235e0
3,4e01721aa
3,0b01864e2
3,b90e6ec69
1,4298e4c15
4,0b942f000
2,bbff353ce
2,4a0cda147
2,fbed8fc1a
3,7a54b760e
3,4c5dd1f7c
2,7be394a98
4,87074d17f
3,2502292c8
2,a578345c4
3,052b0ada8
1,529025eb8
2,3d3aef491
3,2b3fc0265
2,c37cd2095
2,d075365c0
2,a79fe858d
2,fd279ad95
2,c1ba2169b
2,36632f72b
2,9e380d9a2
4,d01e08ee2
4,fc4b199fa
1,b05a3ca1d
2,ed6684f3a
1,27bf3ae34
2,753654b70
4,3613869b2
4,cec359a78
4,ebcdfedd2
4,f39fef7c1
2,a4fb2d366
2,7f4fb6f7e
2,05935bf08
2,bd248bb10
3,6c5f1f0a3
4,d4c9eaede
2,ce788268c
2,bd30ea4fa
2,6dac572be
4,cdab9b66a
4,fb0180584
2,400cbe759
2,281e2d7e8
4,bf74b13ab
2,01ba4e94d
2,02d6020a9
1,bf12ff750
1,36ccd9729
1,12f9b8e6c
2,468cec390
2,b80b51bda
4,b2a23ac85
3,a92b06d0f
2,7af7d9cb6
3,99558ec92
4,4d20f6163
3,d6cfa5d4b
2,fc5e81c00
2,cb0309848
3,a72e084a4
2,5e390710c
4,056cc22d2
4,8ced67d36
4,81b5f684a
3,204a3b926
0,311ad9ac5
2,642ed14e6
3,640e18ef0
4,ab8386c6d
1,3f734b97c
3,4f5f178e6
4,c8be6ec3c
4,b63d76ef4
1,8435e081c
4,eca179f5f
4,9c580ca06
2,706c85343
2,73501589f
1,201d52dee
2,94fa9ff25
1,06bf9e676
2,4ccb3f896
3,281618ba5
2,5.15E+72
4,35f9818a7
2,260f532b1
2,e25d4dcb1
4,5c810c552
2,54c2d49bb
2,30dd541af
2,19dcd4753
4,3209cdc3c
3,e80386a28
4,9b980624e
3,6f3e5cbd8
2,b4f1bc76e
3,4669945ed
1,1b932e373
4,a0f88616c
4,b0c918c91
4,59e24567e
4,50361acf5
2,50e35cd70
0,7330b19a5
2,50277142
1,69262e404
4,a6fc65f2d
1,19f4d65b7
3,76288167b
4,f93283e0c
2,685cbaf7f
2,cdc958646
4,6be0a8fcd
2,151d50f53
4,a81084ff0
1,b82317efb
1,e0b6196d9
1,133a0db2c
1,c712cfd20
2,467614705
2,26848ac26
3,88ac92eed
4,9fa760b69
2,3a0e3b527
3,c6acce195
1,04e7d89c0
4,f1c49dd17
4,93f758039
4,ba58bb1a4
4,85b57bb1e
1,0bc3f09be
4,0f311b358
1,32148e0fc
3,da8d4a273
1,7d526090e
4,deeea2b65
1,c9ebb9992
2,085c9be4a
1,12380b365
1,4ce0b81f5
4,cc60d07c7
2,f03979157
4,3a4178fe9
1,355743336
4,97db95d21
1,e42dc215d
2,11ad894e6
3,2b5a3c81d
1,79d32926c
4,6029bf590
1,df76ee4c1
2,df6f884c0
1,78ad8f1a2
1,311e28b8b
2,9b9e24b37
3,c3ae3e118
2,9866d1bd1
4,9193e335e
2,78c217b2a
2,cd617c72c
2,3089a5bd8
2,cb5597fb1
2,1a3a45096
4,382e4bddd
3,944db63df
4,1d03b6d7c
2,7cbad35f9
1,6e6d8b614
4,e3a5332ce
2,e5e083218
2,b75594e30
2,2cdb96709
3,0bd2d5882
1,ea319fdec
2,300337abe
2,90a967a14
2,76358e754
3,df8ad80b3
2,8dd958339
4,796382bf4
2,81a176a02
4,e93afb8ff
3,67e7da152
2,d721ed589
4,6f2721c52
3,1a018ef15
4,8c4c4bc6e
3,1bb0600a7
2,e04df6caf
1,62d6817ab
4,faf6a8cd0
3,86d203b94
1,093a35049
4,2e6fc0342
3,f849d1829
1,32918fcdf
1,a2edd6e44
2,44b6a5b46
3,abdeff83f
4,f2a6e7dac
4,8311f29c4
4,b1da9f428
2,f54bef6d6
2,b12bdec95
4,69c8c9463
3,aefafcc66
4,8eb134074
2,8910f2f5e
4,45bf47f58
3,190eba3c6
3,228d72748
1,e21d09b79
4,833c51fd2
3,38e12233c
3,4d6a996c1
2,52238d3bf
1,2e1e8bbe3
1,e99c4a55d
4,bd870f5b1
4,727a1c793
2,24afd5f54
2,abe8790ba
2,d2d9924f0
2,162e06c01
2,29900d942
3,018cb4eaf
2,5419155f2
2,48f5de7e9
1,cad1a9f54
3,952501bdb
4,798f4a1e4
3,98c17f102
1,4a67bf90d
1,e152df77a
3,26627b528
2,fea00b643
4,dde8ffd00
4,2c15f3086
3,8a1b27ab1
4,a0bdb767f
1,46b603304
2,6b820b13d
4,ced0659f2
4,bea0802eb
2,cd7ee75c5
3,066521b34
3,bd37ccdd5
2,35f8b4bff
3,5b56430cd
1,1d6944a82
1,36ab1bdc9
2,d6ad64584
1,7314cb848
2,492fe3371
2,4e4ba4429
2,bdd606969
4,d111847a0
2,ab2bb4a0c
1,c9151664a
1,9e25c09b2
4,eabef1496
2,ff832cb7e
2,c29fca356
1,3de6bc035
3,854319675
4,51df78553
3,fb8efea32
1,dabe9ac5c
1,235572f38
4,40b53f6c2
4,972fba985
1,2c07c1abf
4,0f796d3f9
4,9951b9762
2,b96b7da59
1,71d834666
2,1a4464471
2,19d7de899
4,eb42f77fd
1,ab09748d1
4,98e211da3
4,d4aa3713a
2,32aa78316
1,6366b7f4a
1,c0771fde0
1,009239f92
4,b2056e185
2,4f678d1cf
0,b7d753c5a
3,2e85b81d7
4,400e57095
3,74088eee1
1,d6a2a2e37
3,4463622c8
2,848c1d759
4,6d4bdde4c
4,ebba4f83b
1,91d7bd3d7
4,4c1981df1
4,378406cf4
4,aecba8ecd
2,c9a00b80f
4,2398599fc
3,27e458086
4,7439df9c4
2,1d777bbcd
2,5e6c38ddf
2,8e77a97ac
3,6aeef2649
2,c9ff29578
1,ee590e762
2,6679c179c
3,2614882d1
2,fd2f64ea7
4,96e1f20e7
3,15a491e20
1,fe3a83fe5
4,e0dbd7901
4,ba7adcbe5
4,c93e37265
2,885b7eb9b
4,577de26db
4,4225add43
1,1076dcc35
1,29bf0cb2c
4,6984c8d7e
2,5980b0699
4,d30087066
4,4335b2207
2,d73b2a4c6
4,63ddd39f4
2,dc20a0cea
2,db24c8108
1,2c007007f
2,429296d6e
4,14c6c68e2
4,6593bd2a2
1,e8ec1a562
4,ef73ab8c6
3,afaadb62f
2,ca39f5e93
1,a27b7e4b1
4,1ec7dc903
1,a2037a7b0
2,227580301
2,f95b39c6f
4,3e0ae8fb1
3,ff10041de
2,a7eb03730
2,8c89e09ae
4,f1cc9dd25
1,504ce7187
3,fc43fbfe4
1,385028a00
2,8bcb0a0e6
2,07b994326
2,0c3ce1826
4,bc14f3a48
2,d09752d1d
1,e92ed29c2
4,a655655d4
4,8140d2734
1,25c1c662b
4,6f63c5c04
4,ff96988fc
2,5112569f6
2,5df70cb5a
2,e45ec98a4
2,0fe58286d
1,c2f9689c2
4,ec138f2a8
2,0e49c7f19
4,bfbaff540
2,f47fc05a6
2,a3aaac2de
4,62e2e9071
3,1f2c63312
2,00648f96f
1,f70a1bf5d
4,6eb8a8e8e
1,a9bcc4196
1,cfe4df8c6
2,b16afc5dc
2,da5295aaf
3,afec4c35e
4,73066f6ff
1,6af981c61
4,5685ae208
3,edd61c330
3,85ca390a0
4,06dd351e6
4,f60ee7233
1,f67dcb4b3
4,140ef35de
2,c5f20f40f
4,7f7e9db52
2,28ec2de89
4,4f35cb8e6
1,721017d68
4,d50b449f0
1,5d2f7761c
2,cf795bb00
4,3141b7931
1,896bb46bd
2,e46fa829b
3,bc526d236
4,f6c91bc20
4,c0bc43dd6
4,85094deda
1,edef78673
4,3bab1eacd
4,95a89f5f2
3,61dc8345a
4,bde802b84
2,125522846
4,4a1702099
4,29aa0b74b
2,eea15297e
2,b421d0d48
4,e1f08c5b2
2,611970ebc
1,9ebf6e448
4,b3c62d7f8
4,db03ddc32
2,e25112cac
3,29466dcf4
4,5bc5b43ae
2,1f96eae14
4,4f04b1556
4,6348b55cb
2,37204e0c1
2,f5257c5e4
4,71f245b82
3,7d7a39d71
4,245434d5d
2,c70a3fcc5
2,ae38b9254
4,dbc39e84b
3,a43071ff0
1,f0057428e
2,3afe6f1fc
4,cf49e1549
2,70be9c861
2,597c27524
4,0b817da84
4,2931d3eac
2,f77452d59
3,2f72b9f33
1,a662626a6
4,33ddc2011
3,e21ecf520
2,77001793
2,689e4e3bf
2,310ea711c
3,1f949d065
4,1dcb1fe2f
1,ad90d4962
4,de67abe0b
1,d97d4b420
4,9b251f717
4,c49629a90
1,bda912e4e
4,ee5ceb065
4,2430b50b4
2,85114144b
4,b03c17502
3,7931ba838
1,a710da2ab
4,289112dd5
1,d31b3f33b
4,f9715a897
4,a1d8d917c
2,f90f6ca1a
4,55e32b4b7
2,27a8bdbf8
2,f0ee32b27
3,bf5700a80
1,8.04E+14
2,591f1d67c
3,b1e590596
4,4544aecf7
1,16472756f
2,4ed26a84a
4,de35c9f48
4,66f6cd1cb
3,c54b26d73
2,d11425b98
3,b7df87757
3,7ed1216f9
2,ea303d329
4,fe3d0c6e4
1,9e165fb1c
2,0c2e0fc7d
4,51c99e8fb
1,a8b9d57b4
3,d5176f7eb
4,4ea7c5d48
2,70aa95825
2,2f0e90bdd
3,2f0805ceb
4,f024e91b9
4,615af86e9
4,0adfa8a60
2,19e701fea
1,c842fa148
2,25f6db0fd
4,be0888771
4,c23b2926e
3,76a063a20
1,97bb6502c
4,31b3d9b10
4,6a8d98847
2,a5bed2b62
1,c4835ee5c
4,8167f58bb
4,04e829d49
2,37fb97f8b
4,92df22369
2,c04cf0018
0,86f7b4013
3,0a53af472
1,2de32b48a
3,cd5a7effb
3,a2a899dab
4,2fcdfb0e1
3,ea433c341
2,78f87a45d
2,1b71de34e
2,5a7207717
2,fc8220250
4,1ca9db40b
3,7f51a7e88
4,b593502c5
3,9f02a1c14
3,183eb3fe5
4,c4e0d125b
3,ea7ec0562
3,eb900ff8a
4,cf51903db
3,37438ea50
1,fb24264ea
4,7faf2e49d
4,21b90ff68
2,3622c0bcf
4,2c1c1b557
2,b7d23de06
4,f923ff77e
2,d473d632a
3,2ee5073bc
1,30e900b4a
4,3397adec3
1,86f40e2b4
1,924cc5438
4,6f3e4618d
4,84f065b56
2,467aed7e3
3,e71c9d710
4,733f9942b
2,0a9f9f178
2,283424d80
1,8fa2d16db
2,8bcdd9bef
2,4dc36183c
3,b13247816
4,6ea58b8ac
4,bedd7f1e7
2,b551658f4
2,6c7efd1a5
2,b2c120250
3,1696155ce
1,0aba238d7
4,df874dd59
4,451bf38f1
1,369dc90b6
1,d418ea0ad
3,e61aceb9e
4,2b1f83255
1,12d48709c
3,49113adb2
4,75310196e
4,f680cd37a
3,460426eb4
4,db3f7a11d
2,93d842736
2,9c95b7659
1,c552e255a
2,f4f5588c6
4,9af15c8f1
2,525b3147f
2,390689a38
1,d7a050445
4,b7da4e981
3,19caeb6b5
4,c919eb44b
3,60f317698
1,6808adf0a
4,6d1e4b433
4,04a6267e4
3,060b52c3b
4,d919bd302
2,96ba0193d
4,e2b5913e7
3,6a8ce175d
4,8dccbb182
4,6e4724604
3,e723eee29
1,e19ee42ce
4,86c412966
2,72b0f5c4d
1,a4385e043
3,e58eb3249
1,c6c8c73e5
1,c78cea205
4,dfff88c90
2,fd67a3f2c
1,3625dd7cf
2,dcf2641f2
1,10a3c8b71
1,e910d17de
2,71eb4e3d5
4,e1c40a1eb
2,c8779a4a1
2,c90558513
3,6da65afb8
2,b4475834d
4,5fc71c87e
1,3c0ca0676
1,58c5f739c
1,505ef85e6
2,204ca9f14
3,6a48f776b
1,6bf7eec1e
4,54224dada
2,25b3328fd
1,818cf6f02
4,35b51bb28
1,72acdecb7
1,c05a9c0c8
1,618ca94ad
2,469aab50e
2,0ce80622f
4,9c76163ca
3,9668972cc
1,13c4c2d4c
1,8e372fc09
1,a9e96f77b
4,8ff66c239
2,19bdaed52
1,0658597c9
1,3e373923e
1,f376f922e
3,b8dd18a5a
4,da8859f46
4,f15d587a7
2,e436c1fad
4,ce2004c9e
2,5f2623cb9
2,92bf4bb1a
2,f77a10b5f
3,8a99dadaf
3,57d8f9bdb
3,bee25f46d
3,30ca259ed
1,dcefbb974
4,da56f7030
4,1b4690d1f
2,51d3a70bf
2,5e08b9ce5
3,85d78c2c2
1,a1c1dbf8a
4,c924a03e8
2,c1a3e3aa1
4,3595648ea
1,1667eb8a4
3,dcdefed1a
4,894da0f10
3,760c7d8ac
2,fd9375e71
2,48333a921
4,f068b8fdd
1,24993107f
4,7e29d5a9d
3,12e747332
1,ea1736eec
4,1555b08c9
2,7e681c7eb
2,deda21b9a
4,81d38d5ec
3,21c163648
1,f6ae0d580
2,792b0924e
4,15a206d0d
3,1bd13d3e5
4,14efbbb85
2,44817c8f4
1,2260ef0a0
3,8867ee30a
4,41bc94422
4,af86d93ba
1,5d5e7a3a3
2,24ee3b57d
3,d1a67cee6
2,943bcd4db
2,352522dbd
2,2e4eb9198
4,0e4ef28c9
2,df926a23d
4,c06b6d8bf
2,881d46cc0
1,1fe561ed9
4,d3411347b
3,cfd819dd9
2,1a2f33fec
1,8e3fba2c2
2,13bbf723c
2,44c8447f9
3,1d86e9d9d
2,1a085d132
4,1a3da2ae5
3,a483f0d49
2,f9b0d3370
1,b114199dd
3,f45851036
2,196504d88
1,a89bfa0aa
2,1c2f669f2
3,f8654865f
4,52e6abd35
2,092e6a628
2,efc55563a
4,cc463360a
2,2469e58fd
2,c1f738966
2,42444811d
2,e301ab49c
2,fc9773fa5
3,89fd79488
2,c8e776446
1,988f48ca6
4,bcd6d7e62
4,b12b6dc93
3,ba6ea2d18
4,325a6a746
4,31da37bc0
4,80524f9cd
4,40d175d61
1,65b46ef09
2,35a6a9ef4
2,d0b9282c8
3,9fce612cf
2,67825bf81
1,2b31f1be3
2,70fb603fd
2,49c8a0216
2,662af5b80
1,f96ccddd5
2,c87b301c0
3,a3d4585c2
4,8c006c8ab
3,7ba2a5c50
3,26fdc2915
4,25dc712af
3,8b1be44c6
1,ae0076e01
2,6.71E+99
3,029e79030
2,919768bb5
3,6b685abae
4,49360414f
4,ca3312b77
4,a84afa62b
2,859426703
3,a428c4daf
4,2e9a64836
4,5c4742e35
1,e064d3504
2,da80c8aa2
4,870fc2931
4,99eb49749
2,50e061767
3,797bcabfd
2,57f8d18fc
2,79fd13ffd
4,f653550ac
3,241b90aaa
3,b0b33bec3
1,c68f66799
2,22adf3b63
1,00c71a320
2,0c3f6001a
3,1238ed024
4,2e392586a
4,ee7c25387
1,fc580a6eb
4,92db7f14c
1,35ec69571
2,c7ef9e0bf
4,8c5bf2766
4,11b9089f7
4,4cfee2fbe
4,e8b34f964
1,a143b5edf
2,9b95ec85b
4,9ef11ed6e
2,3a7bcfea4
4,5fcb3804f
4,0e73648e8
4,d67c5c6cf
2,68f3cfdcb
3,02cd64831
1,37ed9080d
2,7a9ca7419
1,022b37ea0
3,73a3a3b24
4,edf80e3cc
2,e486185f9
4,9012ebabb
1,b663299dc
3,7d1d0d496
2,eb939ea9e
4,44229bb72
2,45c2eb379
2,b94ddd6a9
1,e204110aa
4,3dc8f1328
1,b4570b618
4,69e10dd04
1,35a730b12
2,e5d43f373
4,123f15578
4,1a952e440
1,fd2cc8576
1,92189aa31
2,3118bb24c
2,b3185d954
4,d8d840693
3,ae0bc846b
4,3d7275647
1,f22f3578c
4,da6950564
1,567b92b70
2,3cfec8730
4,9c3f9ca37
4,143760a33
2,b62618f55
3,e42fd0fed
2,7d7e57f81
2,7c37095b6
3,f8213a645
2,66b978701
3,e30182214
2,3d939327d
2,e030b331f
2,d0c81c563
1,92dcf8a4d
1,6627a8ab8
3,6d154eccb
2,62887c0ea
1,e3d10f7cc
2,0ffe99b25
3,074042a24
2,c161afd26
1,5bc5e3faa
4,89a396d79
2,fc32f63d1
3,b607db8c0
4,bb74d75c2
4,3ecdd4122
2,16fb340bf
2,c37774c72
1,91f5bb21f
3,6c3222742
4,f319a49de
4,ea65fe96c
1,199f37bc2
3,fe5bc83d2
1,aab56f3ff
4,adff46aad
2,9a1502f80
1,6ea2ddaf2
2,b53990a1d
1,e914bdd82
4,31893804f
3,7addf37de
3,18f45d2ad
4,bbd225f09
1,8ba1566de
2,d07d9ab13
2,c36943627
2,df7aa79a4
4,46518b224
4,c226ecabd
2,37bbc6060
4,a4652e4fe
2,10022add6
1,541904323
2,144ad89a5
2,d06076338
4,668e0428c
3,9c91ae76a
1,a427984f4
1,306c74aa9
2,4cb849b69
2,3ab64c5a4
2,48f20f515
1,acf333094
4,a7fd7a703
1,d2b59ecaa
1,904b74dde
1,c8f5f9120
3,515d9508a
3,d2d37c3c3
4,a7a28b4f4
4,9aa2d99f5
1,ad463dd0a
1,86bf33207
3,65e65ba4b
1,adc7713b1
2,5902c3051
3,3653c9384
4,3a7d3c17e
2,a8da358d1
2,829ea64cc
1,9b2d6b1f3
3,54b0c0564
2,6f28d2ab3
1,29e6c171d
3,51f1d14b6
3,2db964259
4,767b3b7d0
3,380deeb29
3,ae0a993ac
2,fdfa41872
4,c98188040
3,bca8b44ae
4,2.37E+44
2,210c4a637
2,3e2c46391
4,2831bd2b0
2,e76b8eeb2
2,183c947eb
4,9f3e23878
3,a01a10c4b
1,be8901107
2,478312b59
2,9e4e77074
4,7f5e7cf4a
4,f54941314
4,0e0d0a9af
4,fc037ca46
1,1a0180eb9
2,37464956
3,238c76ea1
2,6cb63297c
4,229beedff
3,70335663e
3,f3207cde7
4,b617ce1ce
2,4d75e5771
2,36b57b1ee
2,ef86c51b2
4,5b539effd
2,d8f35138d
3,b3f69b209
2,a1fb1b5bb
3,90caf70eb
1,07417927d
1,c219bf074
2,5dace0494
4,58ef3eec9
4,e5d3151bc
4,1448e3b1a
2,919a7dd34
3,80034deb8
2,6dac8ec35
2,fe2d576c2
1,69f9ebfbc
2,41b98eea2
4,91e1bffc5
1,8f34b67ca
2,c458c51c0
2,6268d4d68
1,a4ade8bb2
3,bb1775dbe
0,8b8c686ec
4,858854bb5
4,cf6995fef
2,0d440b00e
3,d1878035a
3,9676b5e36
2,b86b0db65
3,7448f3165
4,355756bdc
2,b8e7085dc
2,948f580dd
2,05bde54cc
1,7e48ad81b
2,a79983c71
2,62583aec1
1,aac1167f3
4,7b49d0924
2,4a9d058f6
2,de41ebc79
1,8.82E+85
1,1f4378ff6
2,1663d062c
4,78a8e1b01
4,631fa08ed
3,a8e5ae23a
3,ada44e887
1,8378c8af1
1,71e5aca0a
4,f57a5c0ea
1,ff6118cc2
1,a124a31ee
3,1e115d8ff
2,5f235ec16
3,5.55E+71
3,f33f3512e
4,43cf0f713
3,2b38b60d2
4,408d4d8e0
2,dd5f7e678
2,cc38b3b63
3,f4821de20
1,dc1d76def
2,c66946e39
2,fff4a6420
4,f5170bc70
4,513836f07
4,e6dff6d40
3,c32eb7405
3,ce50f376f
1,c44a94d4b
4,09e9110e2
2,bbfc8a037
2,42fc9a244
2,310b5199f
2,d452218f1
4,21ae91701
2,fbb3db415
4,47fd4a840
4,d6e372a1d
4,cbdeed3f9
2,df8425410
3,ec53a8725
2,0a14ac037
4,9c1cbec2f
2,24d3b54ec
1,43156136a
3,e103f7612
2,95e206d02
3,8ff0818d5
2,59047a5a1
4,dd2452dfa
2,c86c76857
4,a7be93837
4,9223ae4c4
1,de12dc945
4,6a3ff7445
4,1a8fd6707
3,5783d40a2
4,b5ff2b987
4,bdbe9a6e3
3,4f6c8d13e
2,c135e081f
4,1dff1959b
4,d1da78c20
2,35fdb89c9
2,bc9c5a76d
2,4e8daf8fd
4,7d6847fba
4,5a5ec1a49
2,483f1aae8
4,2ff9e9534
1,af862a239
4,896e733b5
4,f67d78df8
4,90f1b0525
3,38f06e4fe
2,c42cf01ba
1,9b4dad348
3,8ab53c55c
1,28d20bc71
4,784d3319e
4,8d6208f11
2,da8326fa5
2,89dd8e9e9
1,2b980afbc
2,f1b5c8b92
4,24731a12c
3,c01daffcc
3,ab385bfae
2,04f7eafde
4,f10390965
3,45bec784b
4,8fc22fd2c
1,fe83618e5
1,c05b7439a
4,27e6b452b
4,a5746676d
1,53ac79c6c
1,0f0219fd7
2,11b20ee8f
3,8a7fcc8cd
4,6868acfce
2,12a55ba5e
2,66832a1e1
2,94563fe71
1,460ac160c
3,339a623c4
3,0073c33d0
4,3f222f11f
3,350a14e36
4,cef0e42a5
4,34fcc459a
4,9d3d3b938
1,e4deffd71
4,59d95faef
4,4b2150d3a
3,605fe21a1
4,3be9dc4cd
1,20ba919c6
2,79075eca4
4,3101ea018
3,412b8d565
2,cc0f5d3ba
2,db33da35e
1,b25ad3ff0
2,532cac389
1,63dad490d
3,47ad34749
3,4e1034525
1,4009f9200
3,f44a6cdaf
2,5601bd45c
3,f497b28cf
1,0e2bf402c
2,7964fc4ad
2,6c196faec
2,69834808b
4,8054aad26
3,a111adc75
3,dc3ebf72a
4,5c5f306fa
4,60bbc32b6
4,6831a72fd
2,c863daf49
2,cb15b5fb8
1,67d853896
4,b3b6d78f5
4,1bf044649
2,35cc85250
1,2959602fc
4,f0b2787f5
3,119835ef9
1,bec49d8b7
4,873996ad0
1,ae58f28bc
4,cec78d912
2,fd9a060d7
1,96703e01d
2,1123cd69d
4,680e24130
1,01d0a7f3f
3,bf5c5cded
1,ecad98f44
1,6c551fd9b
2,5bee46079
2,d270b074e
1,83ea92fcc
2,2dd31e8ff
3,5b72e14bf
2,86c08e68b
1,5bfb8da14
3,869a1634e
3,f61c4cead
3,fe5dc391c
4,c1816081f
2,98caf2809
0,3316a5619
4,7d73574ed
2,7c787403c
4,484af2d62
1,a2b2f53be
3,a6e37f91b
3,b02fcb74b
1,9a2b50582
4,497312a16
4,66f430d36
2,b84ad40b4
4,9eb70b7c4
1,1c67c5f4c
2,c4ea89ddb
1,718a5d950
3,11a3055b7
2,472abccfb
4,50eddd1bb
4,ac6089da8
4,5be134946
2,11c222a3c
4,b630ac493
2,8693c4e7f
1,9be11ef9b
1,828ac8371
1,474e70ba1
1,8d862cd26
2,6502dbe72
2,69a7461c2
1,de9e02d44
1,8e6e9b877
4,7169c3e3a
2,069fc79d6
3,8939a1ac8
3,58805776d
4,d4af42055
3,e04814e10
2,7ca7983b5
4,29bcccb7c
4,064217ca4
3,1ae9a98d3
3,58695e2f5
4,27226ea0c
2,bc4bbcef1
2,1bbf00182
1,15937e540
2,88666f74e
2,4e3a1f99b
1,e4d7e410b
4,965adb809
3,e1cd37f6c
3,df2fbc6a6
3,9ecb47019
1,2e55bed12
3,23941ded4
2,217fcf5f1
1,1835a56bd
1,79d5a2615
1,79bf5eb37
4,67d74124e
1,53895ad35
2,abf0f2579
4,5e0519e3d
3,282139c6d
1,a8c336257
4,62955be50
1,3d63dfd14
3,a63a0ac25
3,6314ae1c4
3,cc54b47b4
4,7ecd54695
4,c17cad5a6
3,b2b52ccf2
4,5e8872259
2,17ef602ce
3,5507b63ab
1,520dc7925
2,266aee5b3
1,e95bb9197
4,38506d4ea
2,ff7d25ffb
1,8aeda3d62
2,c7e61f3c2
4,172c8129a
4,b88f141d5
1,97cd20357
1,68b7c23f3
4,34fe22f69
2,16abc088f
2,a362ad62e
4,b1fb61b31
2,ca46b14de
2,9dca27ec4
1,d63321570
3,14a9958e0
4,ec4089e58
1,9e2039291
2,5f5bd40ca
2,d3740baed
4,df12e4d3b
4,ec182ebc4
4,350116b16
2,605ca1a51
4,e388a963d
4,c3eefdcd8
2,917c0bc2b
1,83defd365
4,6561001c8
4,e21227d75
2,dd79180bc
2,7aa682539
2,1ba42eca2
2,10050c93f
4,f45beac10
3,1c28dc555
3,e861279c2
1,f49099d52
4,14831f659
2,2edeb7931
4,69a1c3147
2,3560a3e97
1,8b86fd668
4,31b90821f
2,da3702af2
4,4eba3b5c0
1,d02c3d99a
1,ef7555da8
4,8063090ec
1,9b515d697
4,5f28b76d7
2,2ac1366f4
1,32eb3673a
4,292447561
1,e99a775d2
4,b28951b61
2,d50a1665e
3,a43d578dd
2,654acdb4b
4,6d815d3ef
4,ca902248f
3,fc48054c2
2,533916bd6
3,5d168f0e6
4,0bc671d5e
2,cfc3e65de
2,27e16a68d
3,a6593fb48
4,d5a7d4dc9
2,b119aa181
2,9d8dab6cd
4,32f97388e
2,94a4357dd
3,01e5e057b
4,04b5f77c0
4,c68936b74
1,a7e623e5a
2,249af4201
2,d3b4f29f8
4,f94c2a347
4,0c862b8a3
3,850632538
2,552ac34a1
3,0a0ec4977
3,0cdb80095
2,983879402
1,dcd7102d9
3,0977caea0
1,c1aa11cb5
1,36f1dc3b9
2,d302ad015
3,886e903a4
4,da78c5792
2,1b3492bde
4,e481cf862
1,39e9ecb70
2,7fab3c124
3,ebd3ca9e6
1,651d63dd7
4,dea01911c
1,fe854f6a1
4,82dd5838f
4,1ff11cef6
2,8aa1e5830
2,8102d6dc7
3,46f656f13
2,daeac2b84
2,e0781fb0a
3,c27f27a68
4,d2cd71ec2
3,5b0355a1b
4,c77a68714
3,1d72ec242
3,119903786
4,92c48ece4
2,f5d514b10
4,7a860f4b4
2,7d11f10b1
4,b126131d8
3,659dc9159
3,fc8388b28
1,d3ccb2482
4,1f858046c
2,51741c1b7
4,7942a5180
4,988c18c10
1,22d9719f8
1,9c7917558
2,8a9a4edd7
3,a89d4e8f3
4,c89dcf5ae
1,ea6d8cb1d
1,4d82fddba
3,d25a850ae
3,172d395a5
2,dfcbce94d
1,8581566cb
4,460edc419
2,d79342c8d
4,d5e351a09
2,5ce285f99
2,324266c95
2,a2ac8316b
3,c53fb8a18
4,660742236
2,d03356a0e
4,7a84326ff
3,b12fb6709
2,5f19552c0
2,1a6becd27
2,619f26bfc
3,f06cf606d
4,a92c2f233
4,a29c12bef
3,cae004390
2,26901ccb0
3,4715f897c
4,282678629
4,2683c99f1
4,6c83d00bf
3,f94ea9d92
4,a58fef87c
1,c251767cf
4,b26fcffaf
3,50723f2c3
1,8a804d93c
1,bef935312
4,1fbf04fab
4,ef1d7c2a1
3,7ff817b98
4,df1507e61
3,58396d68b
2,c69bdf768
4,902114441
1,d40c291a9
1,ab8dfa983
3,f922ee758
4,d7185ffc1
3,65afa2be4
3,4b949e5c7
2,041dd606f
2,933b2b3d4
2,4f4028c04
3,8606e8738
4,d2f216860
4,906ee1877
4,01573c686
4,733ccdc63
2,ec5aeb98a
3,5a567392e
4,5347d6835
1,0cb52145c
2,283ce4b9b
2,3d1d0f102
4,e6d59d514
2,19904f24d
2,ce9d5fb9f
1,2d9bdbca9
3,2ad939a78
3,ff065ec7b
3,3e768f382
2,7e3680561
2,6003cc8cf
4,e92713811
4,ac94029d4
2,0f58e5dd5
4,7.96E+76
4,4745e5286
3,80f1863b8
4,b24ac527f
3,2d3418da5
2,05c46d875
2,59b66be84
2,bb675d874
1,4f402845d
2,89788a8fd
2,e6aceb97f
4,0058586f1
2,f53c216e2
4,4175a27e1
2,fa41fb473
3,ca7a148c0
3,e2257ac60
3,a14caa3ea
4,966598774
4,4012be917
4,fab074a0d
1,39b7ed1c3
4,8534310cc
4,4a6cad15c
4,c6da0beba
1,43ae30dd8
0,015da9e87
3,3e5627478
2,64c6eb71c
2,afb230f5a
3,8660ad37b
4,9a32cab94
3,fded1ee28
3,cd2451ab4
3,a0fb6cd44
4,de993a4c9
2,9c64232b3
3,58906d012
1,492f70d19
1,fd32c2466
4,c14b2f3da
4,f68a56b90
3,a98d5b83b
3,991b35363
2,08f54d056
2,ff3d455a0
2,17a5487d2
1,19745f3dc
1,9804a7d82
3,afdc5f01d
4,ff1613693
4,64f41ee68
1,403aa5c4b
2,ef4dce041
1,24fd7c8d8
2,5cbe99be7
1,6f07e7abf
3,be16b20d6
3,9b56301b6
2,24fc91fae
2,ec13e5f25
4,3.24E+59
2,f6beefaeb
4,bd59fdd99
4,a6236b3b8
1,17ac391be
1,01dac4b22
2,ae4ebeb3e
4,c3208c19d
4,1758efd47
2,797725280
4,8f26b1b5c
2,982564925
1,7b01ae317
3,45c718348
4,a8f735068
2,8d51c3200
2,86386b0c0
4,b9568ee6f
3,94918fff6
2,ac809f1ba
3,61fdcb2ec
3,406f92f52
2,a55f8d58a
2,816005a03
1,b6106ecb8
1,ab22c3350
3,cac68ead1
2,9d72113d5
1,c8c313331
1,7cf995ca4
3,ce344f70e
1,a7344d7f5
1,6b6cdfdfe
4,4525391a7
2,e09995135
2,e3e70d2b0
4,78c894840
1,bcf546cb8
2,b5c553616
4,6c3d7237b
4,196f95fdb
4,2340f8360
4,a528683b3
4,d5ba03e9a
0,229d33382
2,664d0bed8
1,21655a8bc
1,01b26743c
1,879ce67b8
3,cb278aa01
4,e315452b5
2,83dff4077
0,6d6bb4a66
2,805dcae38
1,5264f98c4
2,c76384236
2,b9aead110
4,b4226db5f
4,b147d1870
1,2a19120e7
3,a9575b655
4,108da3f0d
1,951352bea
4,93685a66f
2,7d18ee078
1,a1188fdb7
2,68df0b84c
4,8d7c78428
4,4194f0f66
1,94d930dae
4,85fd5df90
4,4c9e42452
2,53abbdf1d
4,d37de633e
1,a5f08e991
3,92f84c5b7
2,480f33a74
2,fe38b7b23
1,48bfc494a
3,aac68c707
4,ecbd85af1
3,5b64325b9
2,87c19915b
2,f21d7ec45
2,8a2faaf1f
2,92fae4396
2,0e6c32c9f
2,f0d5ff33a
4,948a1a82c
4,db044e38b
2,df0b49ce7
4,683f1dfd8
4,ee5f5db50
3,6ab29b3d4
3,67ab87b4a
4,c37bb10fd
3,f1953d1cd
1,81694b7db
2,4501e7e4f
4,9c680abbe
4,8d876343e
2,ef9154afe
4,4c40ad026
2,19d68bcc8
4,ac0cedc9c
4,1b154dffa
2,8a6f0c997
1,38664cbf0
1,4347c35e5
4,975091325
3,a2a6b4117
1,94438a5c5
1,6eff0639c
2,91add3784
1,0940ecf2b
1,067d0ccd3
2,1d4d75d35
4,1e0be9e49
2,f8e3fabe6
1,48769873a
3,acb614bba
2,a561b2487
2,c6e763332
1,d5d8c9fc1
2,031a01c36
3,eb3b2ad1f
1,0dca551f0
1,da3be5cb2
3,0f4291ce6
2,fff6f2f61
3,e98593be6
4,0e4cf50f4
4,0ac6fe826
1,576dcc546
2,b2385d700
2,a47931d69
1,5f9cf8892
1,6258b0d76
2,ebeebeee4
4,e472219f1
2,64c4f9057
4,28fe42572
2,b00d0fe1c
2,4e9a13862
4,ffaa73202
3,1a0ee9580
3,277014d80
1,65daac431
3,d1ef3e54a
3,b6256e92e
4,775d4b52e
2,7ea900f4d
3,6cdc6cab4
3,9ccf125f1
3,ae1362961
2,10ae2697f
2,ad8b0d9d1
3,d49ea4e84
1,fe5d572be
3,b80074591
2,15bcbb6e2
3,ea099a3ec
1,ebd128d90
2,0bd867d1b
4,fcf5f5a0d
3,040d87bbb
2,baefc2985
1,718b14a08
1,8f3392f18
4,aad08c47b
1,ea383096f
4,0f9d7b0f9
4,7188b5e8c
2,95696f11b
4,cb0f41a00
1,8a9465eee
2,d734c881a
1,89a41673f
4,05febeea3
3,bdb6ebb91
4,34482d66a
3,fadae6510
2,724736153
1,6dc2f0739
4,b4d6d190d
2,59913444e
1,47453584e
1,0dfa8e172
2,694b994c8
3,756d92515
2,c2284e2e9
4,112ae92e0
4,fcd19b26b
1,9daaa4e8f
3,c51c9e136
4,058d37dda
1,52a88696e
4,fed43b600
3,a06b5eb73
4,411792ceb
2,0164a9cfb
1,426132585
3,245bfe92f
3,82a108c64
2,76f668025
2,448770499
4,c5d1b9bf9
1,a706b0eb9
4,ad786540e
2,d30dcea91
3,6984b9727
4,74f391caa
3,1bbe4e4f0
1,894ab719d
1,6cf098e3a
1,536af3840
3,ef55e89bd
2,0d1067e63
3,682ed2e7b
4,5bb802fa1
2,a952a211e
2,a39e58f1f
2,0d85af6c4
1,a6d3839d8
2,7a3471df7
1,d092253a0
1,4b378329b
3,3ce643dc5
2,1a8503d2f
4,6344c2cde
1,cf2ae9919
4,3c3ff9ffb
4,52cf4a759
2,440676acb
3,5ea10e37f
1,02f37d829
3,37d0748c2
4,2e562fa52
3,02468e968
2,f3367a65d
3,8cf927527
2,94ec1c180
4,505c5d7c6
4,9cd08bb2c
1,5dd3f3eb0
4,68d430cbd
4,cfd87918e
1,4f18ce587
2,ec553a900
3,9.00E+11
4,e26125d75
4,0a71e754f
2,3d2745318
1,c8049d235
2,01231c438
4,bc7956085
4,872d79999
4,7575371db
3,84fbd99d9
2,acf9a72ca
1,b03336851
1,cef342d22
2,392df6910
4,488cefe35
4,d3c79cf76
4,b631b7e4a
2,810b069f2
2,d3b7112e2
2,e58bc75d7
1,18751b49e
2,a5f6e77bf
1,b0d4b988a
4,fa0010ce5
2,f27915d51
1,954a6e415
4,69daafdd4
1,7b7b7b71e
2,50fe7d515
4,3589a8a0d
3,ac52ba660
4,71f895aa2
3,082838f84
2,be07596c5
2,5042c6414
2,4f8a564a2
2,046d3a9d9
4,c74abc080
4,77f9b1470
4,0d9cdfbde
3,685010499
2,9cb525274
4,8813e5e4d
4,790a68c0c
4,cad8537e1
3,9a875f3f6
2,652f89d34
3,a06a2ee4e
1,3525855b3
2,6a8f9aa52
1,372f9cf86
1,00709d75b
2,b85cdc8a5
4,b06c1ad30
2,d62c55d90
2,2c0a3e57e
2,95c01e235
1,15770429
2,bcb22c952
1,770eca5eb
4,13296aae7
4,2a92877f7
2,7ac66a1c2
4,73f5dad5b
3,25fc96414
1,e935ae1d8
3,09b5921e9
4,d946f7a55
2,58e24d608
3,3c0450f2f
4,80fd005d2
4,ecb3e47a6
2,3c97d1670
1,eeaa5c53c
4,89bac4c29
4,b5f105607
4,b3111f360
4,7c9fdd0ca
4,40fcff82b
3,6e77550de
2,c31f3d3f3
1,4b6c04393
3,19272319c
3,2560aee80
4,18ee92cdf
4,ed9d88a61
3,b5521c7e1
4,4ff447944
2,7ea357093
4,895f73f14
1,2b34c70e7
4,e39881452
4,b4cc525db
4,41e792442
2,40d430494
1,52af450f8
2,db1f9bca1
4,e22b9edd0
4,303b3795f
2,6f2b619bb
2,8bf0f354b
2,457bdfb16
4,5188ce75b
2,cb568959e
3,12ba67e43
4,5457a593a
4,9f9bfa4d9
3,f780d04ae
1,8c70e9de2
3,18c3b1a1a
1,9d9197e7e
1,5bd62c76f
4,ada93cece
3,4405cc72c
1,363a00ab0
2,e6b64b212
2,4bb96a979
2,d59c369c3
1,868dcd617
1,9385e1d2e
2,bbcaecdd4
2,fae1e95de
4,979e3f8f7
2,16ac32123
1,254c3305f
1,2813f2ff9
3,8bda483ec
2,d8a94961e
3,f222ca167
2,25b827551
3,83d36f269
2,a71f9ca6b
4,90b438e96
4,f2fba72d2
4,26cb1c2c0
2,9fecfc736
3,3d136a793
2,ae9a09ad6
4,fb53fe33d
1,0d653b602
4,6ac7e0c51
4,3bb1086d6
3,9fb89d88f
2,e4941c40c
2,bf6e18567
4,01da89f29
2,67e8df1d3
2,21178f3b0
2,47cda4c03
4,a234c6496
3,71419d422
3,44cd12263
2,508df8433
1,73d7bb2ce
1,44c2e1fd1
4,19fd91f5b
3,ab17ce306
4,ab503c64a
2,abe9e2d91
2,2edfe6ec8
4,c0096c460
4,de445d837
4,8b1abca6a
1,4de32c463
4,626b056b5
4,2563127ad
1,69d413ff2
4,4084b0a93
2,8df053c7e
2,22145fe75
4,b35e6306c
2,564356241
2,9e5ba0e42
2,05d8b5a9d
4,2391fcc9d
2,8f2946027
2,6326958d4
1,7a8fc4913
4,72d77924a
1,8ee8b9d0f
1,653b3e668
1,4c74d479c
2,c3a2d4d83
3,f02ef09d7
2,d5f80598c
2,bdb89b424
3,03e5bf50b
4,50abab539
3,66c28f55b
1,3cdaf32d2
2,73d6ab7d7
4,082b9a2de
1,1b5dbc3cf
4,787086e9d
4,662011890
2,c0488da92
2,195c119c9
2,32d8fa52b
1,1ee752de1
4,12a280806
1,272a3fb52
1,639fed947
1,ace8a42bd
4,6dbb13673
4,b2937acb6
2,27dd38817
2,19926213a
2,0b0d903f4
3,168f1c6e9
2,718c4b524
1,4887999cc
2,e772235aa
3,fbc0c9535
2,854b2bc3b
4,cb256c605
3,e0e8d63df
4,16eefbec7
3,be84c367d
3,d4bc5b7ca
4,ebe1f2665
2,e5cf352b2
4,07dd9a0a5
2,32efae9d5
1,1f6849a20
3,a68e8378d
1,9aabc0113
2,ffef9a2af
2,ea6129e3d
1,1499fbe78
1,a75bbea18
3,6f551693a
2,53c344d06
1,5250b8bc3
2,9a1715a97
2,c3cef1c4b
2,9a218ea6c
1,9de6b8550
3,de813940a
0,69f8a53c8
2,22992ecd0
1,36681852f
4,a98a5b0e8
3,c874c7c7c
2,b67778d17
3,d20ea312e
3,2ba708d92
3,1e6c42df6
4,cab92d5a3
4,91efb738a
2,9fe3f6afa
4,c30f7cde0
3,c24516b64
3,a7676842c
4,53abff075
2,2318247fb
1,230b9040d
2,c22078c20
4,c3270683d
4,55b797c90
4,a17411df1
2,9b11972b0
4,88c07e663
2,71aed274c
4,de489fcd8
2,a37e46e35
4,103dd7bb1
4,dcd0002db
4,dd62a2e7f
1,85332d295
1,9acf4992b
2,468ba458d
4,104c799db
4,e83e05a06
1,99459c30d
4,889ae00e3
2,d1a11cf42
2,b5b9449db
1,26c3a9079
4,2cb9d0599
3,78c3c7f21
2,64904cb52
2,e2f39a17e
1,fa323e99f
1,50d766c25
4,d6f0972d4
4,37f8a39c4
1,50f87522f
1,b4b4969b2
3,d1be4f433
2,7982ae716
2,4eb9c5991
2,0532bf9d3
3,731a2ef80
2,7d930d08c
1,f00413d87
3,30fff49fd
