PetID,AdoptionSpeed
86e1089a3,2
6296e909a,2
3422e4906,3
5842f1ff5,4
850a43f90,1
d24c30b4b,2
1caa6fcdb,4
97aa9eeac,2
c06d167ca,2
7a0942d61,4
8b693ca84,2
8e76c8e39,1
aaedd873d,2
4a9793dfb,4
c02be41e6,4
1fd342e17,4
b38a74866,4
f9d07d5fa,4
1c92ce464,3
b10e7605a,2
6436c1a59,4
234a5a54c,4
1bc0f89d8,4
1bf24d8be,4
988988d5b,3
cf7d3eec0,2
85fc3c314,1
efbf1703a,1
7843a9dca,4
d341fbfd6,1
1a76190c5,3
edb920079,2
543130f60,4
9415bc79e,4
4c6fe4100,4
0737e4f11,1
61fa73996,4
eabb13cea,1
deff069a2,2
4e3640544,4
ace21b6b1,2
8ee223a17,1
9a38d4275,4
671ffc570,2
aece6e7bf,4
c1e816568,4
22f6c0ac6,2
ea159d8da,4
af1035c81,3
0d25f084f,3
6fecc5cf7,2
7fe8ef73d,4
015c75c9e,3
9609a0b86,4
c740abfe1,4
f6551137d,3
8c131db77,2
d765ae877,4
8ce183889,4
9c0ddccc8,4
f9df8656a,1
f0ef9c777,4
3181e5424,4
9883a048e,2
b0dec8779,3
e8d0907ae,1
e540c1ba5,4
4a4db4d32,2
98a98311c,4
ef14861df,4
a9bc357f0,4
aaf4a1439,3
1e62e6022,1
4e797dcdd,4
45d2ddcb8,2
259b10a3e,2
d2490c888,2
2c93c0c11,4
35593da00,2
4cc70e613,3
ff125cf8d,4
c30dd6e9a,1
be9474b85,2
815f4cc08,2
ec5069cf6,1
867308404,2
e9df3ead7,2
258667857,1
fd3172797,3
8df0bb3b3,3
3d0752cd9,2
22051ab84,2
573b3ec3d,4
370fe2afb,4
dd308e46b,4
6a763a055,2
5e4154870,1
a44d42407,3
cc8401c02,4
0f24b6cd6,2
49bb70e36,1
43ddb2eb4,4
dae92dd61,2
a6ac8884b,3
60ce9e319,2
5247209aa,2
19b1f4263,3
d50e11ec5,2
4407e70f3,2
27b6e5aca,4
80ebea85c,4
1bf1f95ef,4
cdab8ba8e,3
b84dad49f,4
f0a2122d4,4
1104fe6bb,1
46d88ca3e,1
b99d5d532,2
2b6d08cba,2
b9429dc85,1
c61f6507e,4
e464fcd4b,4
86379f12f,1
55fcdea2f,1
392d3346e,4
33db028cb,2
35c0c3aca,3
d080818c3,4
6f0cb510a,2
61ac3c78c,4
368b2adc1,3
2e4c1faf7,4
a85a1c8c3,1
25c7d6c3b,3
0b819602d,1
4c594983d,4
05f99fc56,3
1dfadc371,4
6d9b202c9,3
54791dc58,2
b36616178,1
2ac4dd8c2,1
29f54c6ff,1
48b418070,4
c7eac7b01,4
8e0d65b3e,4
9a34ddc8b,4
ff9f62e79,4
4a6ee5d02,1
474bccd75,4
e4abb93bf,4
120805f93,4
2acf3fdce,1
e1ecc1b26,3
a8cdba660,2
9bcd62ef1,1
c3f2f166d,4
687e9c33c,4
bb5f471dd,4
0aaf6976a,1
45600eaab,4
dcba09ff1,4
d7f938acd,4
ea11b6f12,4
3332eb59c,4
b3e19ff68,4
594e3dc3f,4
fbb112b7e,3
d14d62508,4
5de61cf6b,2
b9590d4de,1
747c82f83,3
3004c3401,2
c737c30d7,4
03b0568b3,2
987baa1c7,1
70b3d1f9c,1
27456ec0f,4
5c28a8cec,4
2c8ae4c7e,4
cd7bea671,3
7bda94ad0,4
ab4b4681b,4
aa189a931,4
d0bc14f47,4
eab8c8c03,4
3b4a987ba,4
1bbb46822,2
5c546c236,4
702bee848,4
66757255c,4
0b0f596b5,1
938bcf142,4
bea72e6c5,4
52e555a3a,1
3998bcfec,2
e62e5aa26,2
933e0a3e8,4
1eb8a0278,1
d5df16a32,2
06296e4e2,2
207d61997,2
38a81271c,2
65d10be4d,2
c7b468b32,4
6df350974,2
249112486,4
8f85e69ee,4
b243b8e93,2
89523a695,1
4f0eacbdd,4
b5fcc079e,4
53976b229,2
f4ed1a08e,4
2f3227612,1
ba66a7a82,1
d4e83ee5b,3
00a1f270a,4
74e316be1,3
039509c40,2
eeb60466e,4
c6cdbebfa,1
82137b39f,4
28b64c198,4
f70251906,4
9d76ed82f,4
e83f846eb,3
60b9421cc,3
72a7cb335,2
0bd4aed6b,4
ae03f99f2,2
5a1010bca,4
6a5c652b5,4
040771e8e,4
706a9cd5c,4
62550cf78,1
701c5afba,1
d0fcfeb0f,3
7bce76c66,2
3b0b88ac2,3
a88d34ee3,2
061378b30,3
fc1457818,4
a27f0cc49,4
728c78b39,2
6c054c4ef,4
d5b9e0322,2
a2dc697f6,2
b04b200fa,1
be7b65c23,3
e37f4aa07,4
7de2f688b,2
e7020fa9a,3
752491221,2
c2346525a,4
bc7361016,2
66201cf73,4
b7359384d,4
be23e42d0,4
1c59cecac,3
e7e1904f4,4
2e3bfe5a9,2
13f07ee9a,2
d78d1dec0,4
821bd9373,4
720db9cb3,4
0443d6f82,1
67efce2e0,4
fa1a30192,2
c675f3b10,3
6e3d78857,2
d4d6997e3,4
d13d93f69,2
d8715d47e,3
c15b3c9f1,1
3bef75882,4
60bf93971,4
e9eeadf82,4
a4530b1d0,2
da6bb3100,2
79669f807,2
3af2b1473,4
0f0f81a37,2
b8976d821,3
9eb98f34c,3
e317b2a73,3
ebd78e1d4,2
0822c54d5,4
4036e0e12,3
f34d62be0,2
2a7b5edbf,1
18042e473,4
dc99804de,4
0fb490c9b,3
284be445a,2
a831df76b,4
145883970,3
e3d9dc96d,4
9a64e72cf,2
6e643eba1,2
a1b3dafc9,3
fe88a5777,4
bda2d149e,3
6cb5381cb,2
366a03818,4
732d546b4,4
a8a8f95f6,2
0b4bb9906,2
5eeb10b7a,2
f03b04b1e,4
a672ea96d,4
4df43033d,4
d25638f81,4
aafb75ee8,4
e9cf01a21,4
1c74d62ed,4
2148c2ef6,2
f0bb05fc7,1
479500716,4
1afdf61ec,4
b4d0c60b6,3
110d4487e,1
27cede3cf,2
99dcd9020,4
4cb8fe436,4
a13ed5e9d,3
7adc5209e,1
0a8ee7520,1
82aa52460,1
4c9f111f1,4
eb6c692dc,4
d096658bb,2
109c4f5a8,3
f8b702182,4
eb652ec07,4
026ebf139,3
6c7c5555f,4
1a9733afb,2
1a54d4e92,3
8526200d3,3
8df39788a,3
45543730,2
bf50b399e,4
a05289ebd,3
dee525fcd,3
ceed27182,1
c0a9578bb,1
66dda45c4,4
9c87d70e5,4
4574e3de4,2
794a45833,1
800a7c025,3
6c75b9082,3
6dbc5c968,3
4dad8252f,2
3f9f466d1,3
8bf9a6b80,4
c43ecb3e1,1
3a3ae56f1,4
172332f53,1
01f7fdb78,4
9b721dcaf,2
e20655a10,4
9718baba0,3
cdd7aee45,3
86550c5dc,4
ba311fc1a,3
bb05c1ce8,4
4060caeb1,1
e54ee8e55,3
1.66E+26,2
5a2c8a05f,4
d3d47c67d,4
8ba0c6894,3
71cc0a02e,4
75bbaa3fa,2
ca587cb42,1
b4eb7f4df,4
fd32ce3ef,4
a15d8c8a8,4
34cedf9bb,1
ab599a6ac,3
81da09ea9,2
e736ab042,4
81a815ef5,2
0f122f712,3
58a10d0cd,4
3b1976326,3
30ea81bac,1
35907f15e,2
bfb33b149,4
375905770,2
9ec161c16,2
19f38a3f0,1
e2f1f5377,2
0c17e1f32,4
b912b1114,4
bd9e9d9e2,3
241dd214b,1
84874570,3
c1df421c4,4
ab9f715ad,2
3cc84c2f8,2
ee5583527,4
9a770c49a,3
e07812482,2
997db5df5,4
301e16ab9,4
8705145ca,3
6e3aad5f3,2
75a11e0f8,2
219a1308d,2
915173d4d,1
c390140c3,4
81d97fa9f,3
78b07d4e0,4
6cd1cac68,1
fb3bd80d1,2
51372ce91,4
1a1283447,2
4831c683c,4
90592e40c,2
e4e5ea1d2,3
e7a74fca8,3
a5595a935,3
c7575df7b,2
e81c6347b,2
7ee058c3d,2
4d999ee22,2
0637293ec,2
7ead795bb,2
691a8b7ea,4
fcd21f3ec,4
9c31047a7,4
76d5726c4,2
03d59fc21,1
1a9e7158e,2
86afe98e6,2
0eba8b0ad,4
d38bcdf49,2
85a79f281,2
91c2159dd,4
91d6a2898,4
cfddf0c47,2
b102f525b,4
dc1c9f8d5,4
c96f9d3a8,4
072ae6d9e,4
fa94b21d1,1
b5df81f99,4
2c24655fe,3
c702e00d2,4
95d2a0bdf,4
c8208c3c9,2
9a9f6c753,4
92b89a666,3
6819ce556,4
17bdf954a,4
2bf834f39,3
53cd96ef8,1
da327c74b,4
10a6c97d5,1
f8d831236,4
75a4a14ac,3
df39a5468,2
37f127385,1
878e36da4,4
1ffe668f9,3
9a2f44ddf,4
54e2508de,2
432904c5d,4
d30b90a39,2
20559d623,3
2e1d3ae52,2
3b0b2a86a,2
64c1c412b,3
b28de653f,4
0e6dd5e23,4
46dea66ea,4
842b21328,4
184ea777b,3
86547ad6d,4
ead547f1b,3
703f38466,4
60b188249,4
845703071,2
3c5e8cc5d,4
9f533475e,1
0636650db,1
d8128cefd,4
6b3614a92,1
dd2ec7bf4,3
fcf377cce,4
fb9a96204,4
d4b028ea8,3
8520800b1,2
7f8f45a35,2
dd7ad37e7,1
c92256e41,2
caa9a4f53,4
4ef431298,4
044548f89,2
6c3a05812,2
5d1fa8ddf,3
68cdd6d6b,4
1171c9a41,4
f9994fbae,4
67dbd5ed9,2
129df65b1,4
cc25fb529,3
3db150833,2
3b8b38508,2
2e1d4e279,4
f4f349714,4
7d21dc4a8,4
c3cafb38c,4
a6e902691,4
e3f841674,4
a6423eca8,1
2cea63a41,1
1751240fe,3
6c48c9154,2
9a3c966a9,2
ac49bdbdd,2
7fc640ad8,1
05252b175,1
27104e464,4
da8a47785,1
1aa3952c1,1
8bac2d757,1
1ba11aaaa,2
e5164d828,2
a0dd85af0,2
0392c0c81,4
fff24fcb5,3
1195168b6,4
9f7bf4f71,2
accca912b,4
27c4981c9,4
c2558c319,1
12d514ef2,2
3e2cc2690,3
c5072890c,4
17e6747da,4
1f7d6b89e,2
0052dcf47,4
cdb855a69,2
6f93a41c5,2
23d2b8824,1
dc56ff89a,2
23379775f,3
fca85f778,4
2b3ec0f96,4
a9bfec3ba,4
8885f346b,4
33d3738f6,2
87f4ea65f,4
edf0ff7e4,4
bebab9790,4
f17d4ab32,2
97dc6aa32,2
489d05a55,3
51d8da535,2
bb4c6519d,4
9fceca5de,1
93849e2b5,1
700a93465,2
d95eabfe9,4
146d950bc,4
439f040ed,4
022d2d16e,3
e0238b8c2,4
a5b5eccb6,2
0b8614414,2
6e3457b81,2
20d4ea30e,1
f98750599,2
2f346ac72,4
fc9b4b692,4
ec7775c4f,1
487abc5e1,3
06f523361,4
5c66641a1,4
ed5f14fda,4
a23f0020a,4
5a5463e17,1
518f86025,4
8dfe4da6a,2
8c93a6e28,1
94bcf0199,2
e758e4c0c,4
f2b656028,4
c69842c2a,1
fa07f7477,2
09acd6b31,3
782eb0d9d,4
7fd7b7583,3
655cfc630,4
e9dc82251,2
2f19ac5ab,1
7687b7da2,4
203e2bd3c,3
6b0103c04,3
3f936cb8a,3
d0101e748,4
56583003c,1
f99a5e817,4
157e3e074,4
68731378e,4
1e24f14d6,4
eb8aeff64,2
e9e06e3f6,1
79f8b048f,1
488bfc285,2
5698c00e2,1
b5aa169b4,4
846e720dc,4
13d0266c5,4
1b87c512e,4
859bcc995,2
9744dcc69,3
a2ae5fa7d,3
445c703ff,1
b9d6b1488,2
1ffb40e20,2
c0fe34d97,3
1ee56e81a,2
4e3e41b78,2
f4415e636,2
f91147e5f,2
406a1e534,1
648897870,3
2418f7929,4
2f60db1f7,2
0e4049f6d,3
27268f547,4
113b2b57a,4
d9c54752f,4
daf1a8d08,4
1ba69dec6,4
b744f152f,4
30908fb77,2
beb3a6da0,2
e3897d3cb,4
cfe285c5f,1
92caf1d01,4
37bf6da18,4
24d9b76ae,4
86953ea0b,1
0162634c2,1
c0ca6dd73,4
6f72c46b5,4
c8fc0d746,2
7b8924342,1
5145f87a0,2
e73038b62,4
b8bf2c090,4
44bba906d,4
7d1d7a4f6,2
fbaec0999,2
e936f5f63,1
43b277272,2
36cc00cf3,4
4fc4ac031,4
d5a027e6c,1
4bff9728d,4
cd4b05b8c,4
77fa5cdd7,1
f253bd6aa,1
21493e6ea,4
c5e4cfab0,2
7667378df,1
d09835201,4
a76983523,4
b6637d165,4
c60e6aff7,2
ec7517f68,4
3304185a1,2
d7dc2efde,1
25560b530,4
59b224cc9,3
32ef0472e,1
51022a643,2
4f7aa1d3c,4
8b63e1b21,2
7395053bc,4
700de2c49,4
d39c87657,4
6dcbe818e,4
88030e16e,2
694caa813,4
4eb61ccb3,4
99558286a,4
d9033fea0,2
8e0c995a9,1
eb8620132,4
b279ec774,1
261cbe336,4
e02b6a2d4,1
c12b5f5de,4
7f8955f6a,1
9809485bb,2
9397426ea,3
865e968b4,2
7a25c5a12,1
cb9cffdff,3
b8d07c37b,4
f0ac69be1,3
80f8877f8,1
0eaa9f888,2
11960b9ed,4
9d24c695e,3
90e1edc71,4
3c273e42f,1
9dd9f107d,4
58fe1756c,2
ebbf04d10,3
2b4b4e40c,4
e7fbd95a9,2
30dbb2e50,2
1d46f1061,1
71c3f9254,2
3d181b3c6,4
3536e1efd,4
de993d8ad,2
f8233b736,1
76e071fcb,4
d8c1859cb,2
9ef475fbe,2
2ea365a6f,4
42e7de7c0,4
71ad8e81d,1
7ca780c35,1
c039154f9,1
eea0cb464,1
09c629b05,1
4be73c550,1
4683d863b,1
ff05d4438,3
6d8793638,2
79b514f79,4
9102809eb,1
4e7a22c99,4
8c36b62a9,2
5bda8f113,4
943e9242f,1
6d59be88d,3
181fb7dae,2
0ce98d199,4
1aef9fc86,2
b386bb45c,3
b7fa5b815,2
070faf086,4
36a216956,4
ae524a36a,1
391e0cefd,2
a0ece637e,2
9eb042155,2
c9646e275,2
7d2fe6bb6,4
154d24447,4
9e0b14cf6,3
80fcac43d,2
a2b42f2e5,2
ba8d53f1e,4
d23a8d771,2
3697f94e1,4
0baab7556,3
6f85ce1a9,4
f24991ef7,3
9c263fbc4,4
a0cc9df12,2
e825b8b9f,4
c4feb7269,2
14357e2ed,1
56437112,1
abc69ab7f,1
4137d96a2,4
dd5797b7f,2
59d4947b6,1
28c005011,4
3f5f5782f,4
dc0ee2c73,4
124f45c2b,2
8908c9d99,4
8f21fee9f,4
bcf13ec9d,3
0f3434f36,1
311479c63,2
0b57ed86a,4
2d33077f2,4
a372e8416,4
084e4c05b,4
842528c2a,3
96a1bce27,2
99ba1c605,1
d2dd62cf2,1
53549acd2,4
f981112a8,2
53d6d37c8,2
8edfea832,1
d83aa1f02,1
9e27976e9,4
dbaacc7e8,4
3a67f200f,1
c93c0faa3,2
c9439e71b,4
4f502df1a,4
9725bf4d2,3
53bcfd67d,4
949cb7ee9,4
a58d8080b,2
855de7c89,4
796774834,2
db635ae93,4
11f062cb4,4
137916924,2
f0885aa00,3
c7901e98d,4
30e66b835,4
55f34f8f5,3
1bd200942,4
f310c42f2,4
7acaea66e,2
5afe2ebbc,3
747359fcb,1
ff7ff0f3c,4
f62e604d6,4
64568c4a6,3
67221a8f8,2
2082ad764,2
8960dc21e,4
d7c661670,2
caf3220f8,4
a72a34bdf,4
8af4db3f3,4
0b59a57ff,1
2d837689d,4
da5ae6aa9,1
cc8bf5e79,2
06ecc204f,3
b022c1924,3
4a8caef08,4
c547fc4f7,4
dfa8ac290,4
642a88a93,1
5f2edae7c,2
a22c43e29,2
edf6a5240,4
92c2878db,4
d8fceeb86,4
d0b61aedc,2
89af60ff3,4
62b2ac9fd,2
bd5ac00df,2
7e87938c3,4
2db6c996b,2
e79f310db,4
f7af4ce3d,4
eea72fce5,4
9b1241ef0,4
102482c40,4
7d028bdea,1
c6556750a,3
defc7be05,2
209e4f717,4
14ae60869,3
303ecdb58,1
4463deb9a,4
502c3e7ae,4
4c1a9d86f,2
8c17f26c4,2
d9a014dbb,1
f195c540d,4
d33c9174f,2
7ddc32b12,1
3e4f81782,4
e53cf2373,3
93c9866b0,3
f2755d8bf,3
1727cfc45,1
cad137e83,4
0e8c2a1aa,3
b8d244dd5,1
4e00cd0ac,2
fd6c93d05,4
8563bddec,4
2acc0a068,2
b5033c917,4
f3b4e3f5c,2
80ae0a34f,4
ca144ac2a,4
dd8817ccb,3
b612d6ba3,3
c517992c8,1
661bcb904,4
d6e342121,4
8415aff49,1
d2be70a4c,4
e4253889f,4
c135c6b15,4
eefb8d885,3
545711134,4
133cc5f19,4
25ebacf03,4
982dce813,2
fe3e235e0,1
4e01721aa,4
0b01864e2,1
b90e6ec69,4
4298e4c15,1
0b942f000,4
bbff353ce,2
4a0cda147,4
fbed8fc1a,1
7a54b760e,4
4c5dd1f7c,4
7be394a98,1
87074d17f,4
2502292c8,4
a578345c4,1
052b0ada8,3
529025eb8,4
3d3aef491,4
2b3fc0265,4
c37cd2095,2
d075365c0,1
a79fe858d,4
fd279ad95,2
c1ba2169b,2
36632f72b,2
9e380d9a2,1
d01e08ee2,4
fc4b199fa,2
b05a3ca1d,4
ed6684f3a,2
27bf3ae34,1
753654b70,2
3613869b2,4
cec359a78,4
ebcdfedd2,4
f39fef7c1,4
a4fb2d366,1
7f4fb6f7e,4
05935bf08,2
bd248bb10,1
6c5f1f0a3,3
d4c9eaede,4
ce788268c,2
bd30ea4fa,4
6dac572be,2
cdab9b66a,4
fb0180584,4
400cbe759,2
281e2d7e8,2
bf74b13ab,4
01ba4e94d,4
02d6020a9,1
bf12ff750,2
36ccd9729,4
12f9b8e6c,1
468cec390,2
b80b51bda,2
b2a23ac85,4
a92b06d0f,2
7af7d9cb6,2
99558ec92,3
4d20f6163,4
d6cfa5d4b,2
fc5e81c00,1
cb0309848,2
a72e084a4,4
5e390710c,2
056cc22d2,2
8ced67d36,4
81b5f684a,4
204a3b926,3
311ad9ac5,1
642ed14e6,2
640e18ef0,3
ab8386c6d,4
3f734b97c,2
4f5f178e6,3
c8be6ec3c,4
b63d76ef4,3
8435e081c,2
eca179f5f,4
9c580ca06,4
706c85343,2
73501589f,4
201d52dee,2
94fa9ff25,3
06bf9e676,1
4ccb3f896,4
281618ba5,3
5.15E+72,3
35f9818a7,4
260f532b1,1
e25d4dcb1,1
5c810c552,4
54c2d49bb,2
30dd541af,4
19dcd4753,2
3209cdc3c,4
e80386a28,4
9b980624e,4
6f3e5cbd8,3
b4f1bc76e,2
4669945ed,4
1b932e373,2
a0f88616c,4
b0c918c91,4
59e24567e,4
50361acf5,4
50e35cd70,2
7330b19a5,4
50277142,4
69262e404,4
a6fc65f2d,4
19f4d65b7,4
76288167b,4
f93283e0c,4
685cbaf7f,1
cdc958646,2
6be0a8fcd,4
151d50f53,2
a81084ff0,3
b82317efb,1
e0b6196d9,1
133a0db2c,1
c712cfd20,1
467614705,4
26848ac26,4
88ac92eed,3
9fa760b69,4
3a0e3b527,1
c6acce195,1
04e7d89c0,1
f1c49dd17,4
93f758039,4
ba58bb1a4,2
85b57bb1e,4
0bc3f09be,1
0f311b358,4
32148e0fc,1
da8d4a273,2
7d526090e,2
deeea2b65,4
c9ebb9992,1
085c9be4a,4
12380b365,1
4ce0b81f5,2
cc60d07c7,3
f03979157,2
3a4178fe9,4
355743336,2
97db95d21,4
e42dc215d,4
11ad894e6,1
2b5a3c81d,1
79d32926c,2
6029bf590,4
df76ee4c1,1
df6f884c0,1
78ad8f1a2,1
311e28b8b,1
9b9e24b37,4
c3ae3e118,1
9866d1bd1,2
9193e335e,2
78c217b2a,1
cd617c72c,2
3089a5bd8,4
cb5597fb1,2
1a3a45096,2
382e4bddd,4
944db63df,3
1d03b6d7c,4
7cbad35f9,2
6e6d8b614,2
e3a5332ce,4
e5e083218,2
b75594e30,2
2cdb96709,4
0bd2d5882,2
ea319fdec,2
300337abe,2
90a967a14,1
76358e754,2
df8ad80b3,1
8dd958339,2
796382bf4,4
81a176a02,4
e93afb8ff,4
67e7da152,3
d721ed589,2
6f2721c52,3
1a018ef15,3
8c4c4bc6e,4
1bb0600a7,3
e04df6caf,2
62d6817ab,2
faf6a8cd0,4
86d203b94,3
093a35049,1
2e6fc0342,4
f849d1829,4
32918fcdf,4
a2edd6e44,1
44b6a5b46,2
abdeff83f,4
f2a6e7dac,4
8311f29c4,4
b1da9f428,4
f54bef6d6,2
b12bdec95,3
69c8c9463,3
aefafcc66,3
8eb134074,1
8910f2f5e,4
45bf47f58,4
190eba3c6,1
228d72748,3
e21d09b79,4
833c51fd2,4
38e12233c,3
4d6a996c1,4
52238d3bf,3
2e1e8bbe3,1
e99c4a55d,1
bd870f5b1,4
727a1c793,4
24afd5f54,1
abe8790ba,1
d2d9924f0,2
162e06c01,4
29900d942,1
018cb4eaf,2
5419155f2,3
48f5de7e9,4
cad1a9f54,2
952501bdb,4
798f4a1e4,4
98c17f102,3
4a67bf90d,4
e152df77a,1
26627b528,4
fea00b643,2
dde8ffd00,4
2c15f3086,4
8a1b27ab1,2
a0bdb767f,4
46b603304,1
6b820b13d,4
ced0659f2,3
bea0802eb,4
cd7ee75c5,1
066521b34,2
bd37ccdd5,1
35f8b4bff,3
5b56430cd,3
1d6944a82,2
36ab1bdc9,1
d6ad64584,2
7314cb848,4
492fe3371,1
4e4ba4429,2
bdd606969,1
d111847a0,4
ab2bb4a0c,4
c9151664a,4
9e25c09b2,4
eabef1496,4
ff832cb7e,4
c29fca356,2
3de6bc035,4
854319675,3
51df78553,3
fb8efea32,2
dabe9ac5c,1
235572f38,2
40b53f6c2,4
972fba985,4
2c07c1abf,1
0f796d3f9,4
9951b9762,4
b96b7da59,1
71d834666,1
1a4464471,1
19d7de899,4
eb42f77fd,4
ab09748d1,2
98e211da3,4
d4aa3713a,4
32aa78316,2
6366b7f4a,4
c0771fde0,3
009239f92,2
b2056e185,4
4f678d1cf,4
b7d753c5a,4
2e85b81d7,3
400e57095,4
74088eee1,1
d6a2a2e37,4
4463622c8,1
848c1d759,2
6d4bdde4c,4
ebba4f83b,4
91d7bd3d7,2
4c1981df1,4
378406cf4,4
aecba8ecd,4
c9a00b80f,2
2398599fc,4
27e458086,2
7439df9c4,4
1d777bbcd,3
5e6c38ddf,1
8e77a97ac,2
6aeef2649,3
c9ff29578,1
ee590e762,4
6679c179c,4
2614882d1,1
fd2f64ea7,4
96e1f20e7,3
15a491e20,3
fe3a83fe5,1
e0dbd7901,4
ba7adcbe5,4
c93e37265,4
885b7eb9b,4
577de26db,4
4225add43,4
1076dcc35,2
29bf0cb2c,3
6984c8d7e,4
5980b0699,1
d30087066,4
4335b2207,4
d73b2a4c6,2
63ddd39f4,4
dc20a0cea,2
db24c8108,2
2c007007f,2
429296d6e,4
14c6c68e2,4
6593bd2a2,4
e8ec1a562,1
ef73ab8c6,4
afaadb62f,4
ca39f5e93,4
a27b7e4b1,2
1ec7dc903,4
a2037a7b0,2
227580301,4
f95b39c6f,3
3e0ae8fb1,4
ff10041de,2
a7eb03730,4
8c89e09ae,3
f1cc9dd25,4
504ce7187,4
fc43fbfe4,4
385028a00,4
8bcb0a0e6,4
07b994326,1
0c3ce1826,2
bc14f3a48,4
d09752d1d,2
e92ed29c2,1
a655655d4,4
8140d2734,4
25c1c662b,2
6f63c5c04,4
ff96988fc,4
5112569f6,1
5df70cb5a,2
e45ec98a4,4
0fe58286d,3
c2f9689c2,1
ec138f2a8,3
0e49c7f19,2
bfbaff540,3
f47fc05a6,2
a3aaac2de,2
62e2e9071,1
1f2c63312,3
00648f96f,2
f70a1bf5d,2
6eb8a8e8e,4
a9bcc4196,1
cfe4df8c6,4
b16afc5dc,1
da5295aaf,4
afec4c35e,4
73066f6ff,4
6af981c61,1
5685ae208,4
edd61c330,4
85ca390a0,1
06dd351e6,4
f60ee7233,4
f67dcb4b3,3
140ef35de,4
c5f20f40f,1
7f7e9db52,4
28ec2de89,2
4f35cb8e6,4
721017d68,1
d50b449f0,4
5d2f7761c,4
cf795bb00,2
3141b7931,2
896bb46bd,1
e46fa829b,1
bc526d236,1
f6c91bc20,3
c0bc43dd6,4
85094deda,4
edef78673,2
3bab1eacd,4
95a89f5f2,4
61dc8345a,1
bde802b84,4
125522846,2
4a1702099,4
29aa0b74b,3
eea15297e,4
b421d0d48,2
e1f08c5b2,4
611970ebc,2
9ebf6e448,1
b3c62d7f8,4
db03ddc32,4
e25112cac,4
29466dcf4,3
5bc5b43ae,2
1f96eae14,2
4f04b1556,4
6348b55cb,4
37204e0c1,2
f5257c5e4,1
71f245b82,4
7d7a39d71,1
245434d5d,4
c70a3fcc5,4
ae38b9254,3
dbc39e84b,4
a43071ff0,3
f0057428e,2
3afe6f1fc,4
cf49e1549,2
70be9c861,2
597c27524,2
0b817da84,4
2931d3eac,4
f77452d59,3
2f72b9f33,3
a662626a6,1
33ddc2011,4
e21ecf520,1
77001793,4
689e4e3bf,2
310ea711c,4
1f949d065,4
1dcb1fe2f,4
ad90d4962,1
de67abe0b,4
d97d4b420,3
9b251f717,4
c49629a90,4
bda912e4e,1
ee5ceb065,4
2430b50b4,4
85114144b,1
b03c17502,4
7931ba838,2
a710da2ab,1
289112dd5,4
d31b3f33b,1
f9715a897,4
a1d8d917c,4
f90f6ca1a,1
55e32b4b7,3
27a8bdbf8,3
f0ee32b27,2
bf5700a80,4
8.04E+14,1
591f1d67c,4
b1e590596,2
4544aecf7,4
16472756f,4
4ed26a84a,2
de35c9f48,4
66f6cd1cb,4
c54b26d73,2
d11425b98,2
b7df87757,4
7ed1216f9,3
ea303d329,2
fe3d0c6e4,4
9e165fb1c,2
0c2e0fc7d,4
51c99e8fb,2
a8b9d57b4,2
d5176f7eb,3
4ea7c5d48,4
70aa95825,1
2f0e90bdd,2
2f0805ceb,4
f024e91b9,4
615af86e9,4
0adfa8a60,2
19e701fea,1
c842fa148,4
25f6db0fd,4
be0888771,4
c23b2926e,4
76a063a20,3
97bb6502c,1
31b3d9b10,4
6a8d98847,4
a5bed2b62,2
c4835ee5c,1
8167f58bb,4
04e829d49,4
37fb97f8b,4
92df22369,2
c04cf0018,4
86f7b4013,2
0a53af472,1
2de32b48a,2
cd5a7effb,1
a2a899dab,3
2fcdfb0e1,4
ea433c341,3
78f87a45d,2
1b71de34e,3
5a7207717,3
fc8220250,4
1ca9db40b,4
7f51a7e88,2
b593502c5,4
9f02a1c14,1
183eb3fe5,2
c4e0d125b,4
ea7ec0562,3
eb900ff8a,3
cf51903db,4
37438ea50,3
fb24264ea,1
7faf2e49d,3
21b90ff68,4
3622c0bcf,4
2c1c1b557,4
b7d23de06,3
f923ff77e,3
d473d632a,2
2ee5073bc,3
30e900b4a,1
3397adec3,4
86f40e2b4,1
924cc5438,2
6f3e4618d,2
84f065b56,4
467aed7e3,4
e71c9d710,2
733f9942b,4
0a9f9f178,2
283424d80,1
8fa2d16db,1
8bcdd9bef,1
4dc36183c,2
b13247816,4
6ea58b8ac,2
bedd7f1e7,4
b551658f4,2
6c7efd1a5,4
b2c120250,2
1696155ce,2
0aba238d7,1
df874dd59,4
451bf38f1,4
369dc90b6,2
d418ea0ad,3
e61aceb9e,4
2b1f83255,4
12d48709c,1
49113adb2,4
75310196e,4
f680cd37a,1
460426eb4,3
db3f7a11d,4
93d842736,2
9c95b7659,2
c552e255a,2
f4f5588c6,4
9af15c8f1,4
525b3147f,2
390689a38,2
d7a050445,1
b7da4e981,3
19caeb6b5,3
c919eb44b,4
60f317698,4
6808adf0a,2
6d1e4b433,3
04a6267e4,4
060b52c3b,3
d919bd302,4
96ba0193d,1
e2b5913e7,4
6a8ce175d,4
8dccbb182,4
6e4724604,2
e723eee29,2
e19ee42ce,4
86c412966,4
72b0f5c4d,3
a4385e043,4
e58eb3249,1
c6c8c73e5,2
c78cea205,1
dfff88c90,4
fd67a3f2c,3
3625dd7cf,3
dcf2641f2,3
10a3c8b71,2
e910d17de,4
71eb4e3d5,2
e1c40a1eb,4
c8779a4a1,3
c90558513,2
6da65afb8,3
b4475834d,4
5fc71c87e,4
3c0ca0676,1
58c5f739c,2
505ef85e6,2
204ca9f14,4
6a48f776b,2
6bf7eec1e,3
54224dada,4
25b3328fd,2
818cf6f02,4
35b51bb28,4
72acdecb7,2
c05a9c0c8,1
618ca94ad,2
469aab50e,2
0ce80622f,3
9c76163ca,4
9668972cc,4
13c4c2d4c,4
8e372fc09,1
a9e96f77b,1
8ff66c239,3
19bdaed52,2
0658597c9,2
3e373923e,2
f376f922e,1
b8dd18a5a,2
da8859f46,4
f15d587a7,4
e436c1fad,1
ce2004c9e,1
5f2623cb9,1
92bf4bb1a,2
f77a10b5f,3
8a99dadaf,2
57d8f9bdb,1
bee25f46d,1
30ca259ed,3
dcefbb974,4
da56f7030,4
1b4690d1f,4
51d3a70bf,1
5e08b9ce5,1
85d78c2c2,4
a1c1dbf8a,2
c924a03e8,4
c1a3e3aa1,2
3595648ea,4
1667eb8a4,2
dcdefed1a,3
894da0f10,4
760c7d8ac,2
fd9375e71,2
48333a921,4
f068b8fdd,4
24993107f,1
7e29d5a9d,4
12e747332,1
ea1736eec,1
1555b08c9,4
7e681c7eb,2
deda21b9a,2
81d38d5ec,4
21c163648,2
f6ae0d580,1
792b0924e,1
15a206d0d,2
1bd13d3e5,4
14efbbb85,1
44817c8f4,2
2260ef0a0,1
8867ee30a,4
41bc94422,4
af86d93ba,4
5d5e7a3a3,4
24ee3b57d,1
d1a67cee6,3
943bcd4db,2
352522dbd,4
2e4eb9198,2
0e4ef28c9,4
df926a23d,1
c06b6d8bf,4
881d46cc0,4
1fe561ed9,3
d3411347b,2
cfd819dd9,3
1a2f33fec,4
8e3fba2c2,4
13bbf723c,2
44c8447f9,1
1d86e9d9d,2
1a085d132,2
1a3da2ae5,2
a483f0d49,3
f9b0d3370,1
b114199dd,1
f45851036,4
196504d88,2
a89bfa0aa,1
1c2f669f2,4
f8654865f,2
52e6abd35,4
092e6a628,2
efc55563a,1
cc463360a,4
2469e58fd,2
c1f738966,1
42444811d,1
e301ab49c,4
fc9773fa5,1
89fd79488,4
c8e776446,2
988f48ca6,1
bcd6d7e62,4
b12b6dc93,4
ba6ea2d18,3
325a6a746,4
31da37bc0,3
80524f9cd,4
40d175d61,1
65b46ef09,2
35a6a9ef4,2
d0b9282c8,2
9fce612cf,3
67825bf81,1
2b31f1be3,3
70fb603fd,4
49c8a0216,2
662af5b80,1
f96ccddd5,3
c87b301c0,2
a3d4585c2,2
8c006c8ab,4
7ba2a5c50,2
26fdc2915,4
25dc712af,1
8b1be44c6,1
ae0076e01,1
6.71E+99,1
029e79030,4
919768bb5,2
6b685abae,3
49360414f,4
ca3312b77,4
a84afa62b,4
859426703,4
a428c4daf,1
2e9a64836,1
5c4742e35,1
e064d3504,2
da80c8aa2,4
870fc2931,4
99eb49749,4
50e061767,3
797bcabfd,4
57f8d18fc,1
79fd13ffd,4
f653550ac,4
241b90aaa,3
b0b33bec3,2
c68f66799,1
22adf3b63,1
00c71a320,1
0c3f6001a,2
1238ed024,3
2e392586a,4
ee7c25387,4
fc580a6eb,4
92db7f14c,1
35ec69571,4
c7ef9e0bf,4
8c5bf2766,4
11b9089f7,4
4cfee2fbe,2
e8b34f964,4
a143b5edf,2
9b95ec85b,2
9ef11ed6e,4
3a7bcfea4,2
5fcb3804f,2
0e73648e8,4
d67c5c6cf,4
68f3cfdcb,2
02cd64831,2
37ed9080d,1
7a9ca7419,2
022b37ea0,4
73a3a3b24,4
edf80e3cc,1
e486185f9,1
9012ebabb,4
b663299dc,2
7d1d0d496,4
eb939ea9e,2
44229bb72,4
45c2eb379,2
b94ddd6a9,3
e204110aa,1
3dc8f1328,4
b4570b618,2
69e10dd04,4
35a730b12,1
e5d43f373,4
123f15578,4
1a952e440,4
fd2cc8576,4
92189aa31,4
3118bb24c,4
b3185d954,1
d8d840693,4
ae0bc846b,3
3d7275647,1
f22f3578c,2
da6950564,4
567b92b70,2
3cfec8730,4
9c3f9ca37,4
143760a33,4
b62618f55,1
e42fd0fed,3
7d7e57f81,3
7c37095b6,4
f8213a645,1
66b978701,2
e30182214,3
3d939327d,4
e030b331f,2
d0c81c563,2
92dcf8a4d,1
6627a8ab8,2
6d154eccb,1
62887c0ea,3
e3d10f7cc,1
0ffe99b25,2
074042a24,4
c161afd26,4
5bc5e3faa,1
89a396d79,4
fc32f63d1,4
b607db8c0,2
bb74d75c2,4
3ecdd4122,4
16fb340bf,4
c37774c72,2
91f5bb21f,2
6c3222742,3
f319a49de,4
ea65fe96c,4
199f37bc2,2
fe5bc83d2,1
aab56f3ff,2
adff46aad,4
9a1502f80,2
6ea2ddaf2,2
b53990a1d,3
e914bdd82,1
31893804f,4
7addf37de,1
18f45d2ad,2
bbd225f09,4
8ba1566de,4
d07d9ab13,4
c36943627,3
df7aa79a4,3
46518b224,4
c226ecabd,4
37bbc6060,2
a4652e4fe,4
10022add6,2
541904323,2
144ad89a5,1
d06076338,2
668e0428c,4
9c91ae76a,3
a427984f4,1
306c74aa9,2
4cb849b69,1
3ab64c5a4,2
48f20f515,4
acf333094,2
a7fd7a703,4
d2b59ecaa,4
904b74dde,4
c8f5f9120,1
515d9508a,4
d2d37c3c3,1
a7a28b4f4,3
9aa2d99f5,1
ad463dd0a,2
86bf33207,1
65e65ba4b,4
adc7713b1,4
5902c3051,2
3653c9384,4
3a7d3c17e,4
a8da358d1,4
829ea64cc,2
9b2d6b1f3,1
54b0c0564,4
6f28d2ab3,4
29e6c171d,2
51f1d14b6,1
2db964259,4
767b3b7d0,4
380deeb29,4
ae0a993ac,4
fdfa41872,2
c98188040,4
bca8b44ae,2
2.37E+44,1
210c4a637,2
3e2c46391,2
2831bd2b0,3
e76b8eeb2,2
183c947eb,1
9f3e23878,4
a01a10c4b,3
be8901107,3
478312b59,2
9e4e77074,1
7f5e7cf4a,4
f54941314,4
0e0d0a9af,4
fc037ca46,1
1a0180eb9,4
37464956,1
238c76ea1,4
6cb63297c,4
229beedff,4
70335663e,4
f3207cde7,2
b617ce1ce,4
4d75e5771,4
36b57b1ee,2
ef86c51b2,2
5b539effd,4
d8f35138d,4
b3f69b209,1
a1fb1b5bb,3
90caf70eb,2
07417927d,2
c219bf074,4
5dace0494,2
58ef3eec9,4
e5d3151bc,1
1448e3b1a,2
919a7dd34,2
80034deb8,3
6dac8ec35,2
fe2d576c2,1
69f9ebfbc,2
41b98eea2,2
91e1bffc5,4
8f34b67ca,4
c458c51c0,2
6268d4d68,3
a4ade8bb2,1
bb1775dbe,2
8b8c686ec,1
858854bb5,4
cf6995fef,4
0d440b00e,1
d1878035a,4
9676b5e36,2
b86b0db65,2
7448f3165,2
355756bdc,4
b8e7085dc,2
948f580dd,3
05bde54cc,1
7e48ad81b,4
a79983c71,3
62583aec1,4
aac1167f3,1
7b49d0924,1
4a9d058f6,1
de41ebc79,4
8.82E+85,4
1f4378ff6,2
1663d062c,2
78a8e1b01,4
631fa08ed,4
a8e5ae23a,3
ada44e887,2
8378c8af1,3
71e5aca0a,2
f57a5c0ea,4
ff6118cc2,1
a124a31ee,4
1e115d8ff,2
5f235ec16,1
5.55E+71,3
f33f3512e,4
43cf0f713,4
2b38b60d2,3
408d4d8e0,4
dd5f7e678,4
cc38b3b63,2
f4821de20,1
dc1d76def,3
c66946e39,2
fff4a6420,1
f5170bc70,4
513836f07,4
e6dff6d40,4
c32eb7405,3
ce50f376f,2
c44a94d4b,3
09e9110e2,3
bbfc8a037,1
42fc9a244,2
310b5199f,2
d452218f1,1
21ae91701,2
fbb3db415,2
47fd4a840,4
d6e372a1d,4
cbdeed3f9,2
df8425410,2
ec53a8725,2
0a14ac037,2
9c1cbec2f,4
24d3b54ec,2
43156136a,2
e103f7612,1
95e206d02,2
8ff0818d5,2
59047a5a1,2
dd2452dfa,4
c86c76857,1
a7be93837,4
9223ae4c4,4
de12dc945,2
6a3ff7445,4
1a8fd6707,4
5783d40a2,2
b5ff2b987,4
bdbe9a6e3,2
4f6c8d13e,3
c135e081f,2
1dff1959b,4
d1da78c20,4
35fdb89c9,2
bc9c5a76d,2
4e8daf8fd,1
7d6847fba,4
5a5ec1a49,2
483f1aae8,4
2ff9e9534,4
af862a239,1
896e733b5,4
f67d78df8,2
90f1b0525,4
38f06e4fe,2
c42cf01ba,2
9b4dad348,1
8ab53c55c,2
28d20bc71,1
784d3319e,4
8d6208f11,3
da8326fa5,2
89dd8e9e9,2
2b980afbc,2
f1b5c8b92,1
24731a12c,4
c01daffcc,2
ab385bfae,4
04f7eafde,2
f10390965,4
45bec784b,3
8fc22fd2c,4
fe83618e5,4
c05b7439a,4
27e6b452b,4
a5746676d,4
53ac79c6c,1
0f0219fd7,1
11b20ee8f,3
8a7fcc8cd,3
6868acfce,4
12a55ba5e,1
66832a1e1,2
94563fe71,2
460ac160c,2
339a623c4,4
0073c33d0,2
3f222f11f,4
350a14e36,1
cef0e42a5,4
34fcc459a,4
9d3d3b938,4
e4deffd71,2
59d95faef,4
4b2150d3a,4
605fe21a1,2
3be9dc4cd,4
20ba919c6,3
79075eca4,2
3101ea018,4
412b8d565,3
cc0f5d3ba,2
db33da35e,2
b25ad3ff0,4
532cac389,1
63dad490d,2
47ad34749,3
4e1034525,3
4009f9200,1
f44a6cdaf,3
5601bd45c,2
f497b28cf,4
0e2bf402c,2
7964fc4ad,4
6c196faec,3
69834808b,4
8054aad26,4
a111adc75,1
dc3ebf72a,2
5c5f306fa,4
60bbc32b6,4
6831a72fd,4
c863daf49,3
cb15b5fb8,2
67d853896,1
b3b6d78f5,3
1bf044649,4
35cc85250,2
2959602fc,1
f0b2787f5,4
119835ef9,1
bec49d8b7,1
873996ad0,4
ae58f28bc,2
cec78d912,1
fd9a060d7,1
96703e01d,1
1123cd69d,4
680e24130,4
01d0a7f3f,2
bf5c5cded,2
ecad98f44,1
6c551fd9b,1
5bee46079,4
d270b074e,4
83ea92fcc,2
2dd31e8ff,2
5b72e14bf,3
86c08e68b,1
5bfb8da14,3
869a1634e,3
f61c4cead,2
fe5dc391c,1
c1816081f,3
98caf2809,2
3316a5619,1
7d73574ed,4
7c787403c,2
484af2d62,4
a2b2f53be,1
a6e37f91b,3
b02fcb74b,2
9a2b50582,4
497312a16,4
66f430d36,4
b84ad40b4,3
9eb70b7c4,4
1c67c5f4c,1
c4ea89ddb,3
718a5d950,2
11a3055b7,2
472abccfb,2
50eddd1bb,4
ac6089da8,4
5be134946,4
11c222a3c,2
b630ac493,4
8693c4e7f,2
9be11ef9b,2
828ac8371,2
474e70ba1,1
8d862cd26,2
6502dbe72,4
69a7461c2,2
de9e02d44,1
8e6e9b877,4
7169c3e3a,4
069fc79d6,2
8939a1ac8,1
58805776d,3
d4af42055,4
e04814e10,2
7ca7983b5,2
29bcccb7c,4
064217ca4,4
1ae9a98d3,3
58695e2f5,2
27226ea0c,1
bc4bbcef1,2
1bbf00182,2
15937e540,2
88666f74e,4
4e3a1f99b,2
e4d7e410b,1
965adb809,2
e1cd37f6c,3
df2fbc6a6,2
9ecb47019,2
2e55bed12,3
23941ded4,2
217fcf5f1,4
1835a56bd,2
79d5a2615,4
79bf5eb37,2
67d74124e,4
53895ad35,2
abf0f2579,2
5e0519e3d,4
282139c6d,2
a8c336257,1
62955be50,2
3d63dfd14,2
a63a0ac25,3
6314ae1c4,1
cc54b47b4,1
7ecd54695,4
c17cad5a6,4
b2b52ccf2,2
5e8872259,4
17ef602ce,1
5507b63ab,1
520dc7925,1
266aee5b3,4
e95bb9197,1
38506d4ea,4
ff7d25ffb,3
8aeda3d62,1
c7e61f3c2,3
172c8129a,3
b88f141d5,4
97cd20357,1
68b7c23f3,2
34fe22f69,2
16abc088f,4
a362ad62e,2
b1fb61b31,1
ca46b14de,2
9dca27ec4,2
d63321570,1
14a9958e0,2
ec4089e58,4
9e2039291,1
5f5bd40ca,3
d3740baed,2
df12e4d3b,2
ec182ebc4,4
350116b16,4
605ca1a51,1
e388a963d,4
c3eefdcd8,4
917c0bc2b,1
83defd365,2
6561001c8,4
e21227d75,4
dd79180bc,4
7aa682539,3
1ba42eca2,2
10050c93f,2
f45beac10,4
1c28dc555,4
e861279c2,2
f49099d52,3
14831f659,4
2edeb7931,3
69a1c3147,3
3560a3e97,4
8b86fd668,1
31b90821f,4
da3702af2,4
4eba3b5c0,4
d02c3d99a,1
ef7555da8,2
8063090ec,4
9b515d697,4
5f28b76d7,4
2ac1366f4,4
32eb3673a,3
292447561,4
e99a775d2,4
b28951b61,4
d50a1665e,4
a43d578dd,1
654acdb4b,2
6d815d3ef,4
ca902248f,1
fc48054c2,1
533916bd6,2
5d168f0e6,3
0bc671d5e,4
cfc3e65de,2
27e16a68d,1
a6593fb48,4
d5a7d4dc9,2
b119aa181,2
9d8dab6cd,4
32f97388e,2
94a4357dd,4
01e5e057b,2
04b5f77c0,4
c68936b74,4
a7e623e5a,1
249af4201,4
d3b4f29f8,3
f94c2a347,4
0c862b8a3,4
850632538,3
552ac34a1,2
0a0ec4977,4
0cdb80095,3
983879402,1
dcd7102d9,4
0977caea0,1
c1aa11cb5,1
36f1dc3b9,2
d302ad015,2
886e903a4,1
da78c5792,4
1b3492bde,2
e481cf862,4
39e9ecb70,1
7fab3c124,1
ebd3ca9e6,1
651d63dd7,1
dea01911c,4
fe854f6a1,1
82dd5838f,1
1ff11cef6,4
8aa1e5830,1
8102d6dc7,3
46f656f13,4
daeac2b84,2
e0781fb0a,2
c27f27a68,1
d2cd71ec2,4
5b0355a1b,2
c77a68714,4
1d72ec242,2
119903786,3
92c48ece4,4
f5d514b10,2
7a860f4b4,4
7d11f10b1,3
b126131d8,1
659dc9159,3
fc8388b28,1
d3ccb2482,3
1f858046c,4
51741c1b7,2
7942a5180,4
988c18c10,4
22d9719f8,4
9c7917558,1
8a9a4edd7,2
a89d4e8f3,4
c89dcf5ae,4
ea6d8cb1d,1
4d82fddba,4
d25a850ae,2
172d395a5,3
dfcbce94d,2
8581566cb,2
460edc419,4
d79342c8d,2
d5e351a09,4
5ce285f99,4
324266c95,3
a2ac8316b,3
c53fb8a18,3
660742236,4
d03356a0e,2
7a84326ff,4
b12fb6709,4
5f19552c0,3
1a6becd27,2
619f26bfc,2
f06cf606d,1
a92c2f233,4
a29c12bef,4
cae004390,1
26901ccb0,2
4715f897c,3
282678629,4
2683c99f1,4
6c83d00bf,4
f94ea9d92,4
a58fef87c,4
c251767cf,1
b26fcffaf,4
50723f2c3,2
8a804d93c,1
bef935312,3
1fbf04fab,4
ef1d7c2a1,4
7ff817b98,1
df1507e61,3
58396d68b,1
c69bdf768,2
902114441,4
d40c291a9,1
ab8dfa983,1
f922ee758,4
d7185ffc1,4
65afa2be4,4
4b949e5c7,3
041dd606f,2
933b2b3d4,2
4f4028c04,2
8606e8738,4
d2f216860,4
906ee1877,4
01573c686,4
733ccdc63,4
ec5aeb98a,4
5a567392e,3
5347d6835,4
0cb52145c,2
283ce4b9b,3
3d1d0f102,3
e6d59d514,2
19904f24d,3
ce9d5fb9f,1
2d9bdbca9,4
2ad939a78,4
ff065ec7b,1
3e768f382,1
7e3680561,2
6003cc8cf,2
e92713811,3
ac94029d4,1
0f58e5dd5,1
7.96E+76,3
4745e5286,4
80f1863b8,2
b24ac527f,4
2d3418da5,2
05c46d875,2
59b66be84,4
bb675d874,4
4f402845d,1
89788a8fd,4
e6aceb97f,2
0058586f1,4
f53c216e2,3
4175a27e1,4
fa41fb473,2
ca7a148c0,3
e2257ac60,4
a14caa3ea,2
966598774,4
4012be917,4
fab074a0d,2
39b7ed1c3,4
8534310cc,4
4a6cad15c,4
c6da0beba,4
43ae30dd8,2
015da9e87,2
3e5627478,4
64c6eb71c,2
afb230f5a,1
8660ad37b,3
9a32cab94,4
fded1ee28,4
cd2451ab4,2
a0fb6cd44,4
de993a4c9,4
9c64232b3,1
58906d012,4
492f70d19,4
fd32c2466,1
c14b2f3da,4
f68a56b90,4
a98d5b83b,2
991b35363,2
08f54d056,2
ff3d455a0,2
17a5487d2,4
19745f3dc,4
9804a7d82,3
afdc5f01d,4
ff1613693,4
64f41ee68,4
403aa5c4b,4
ef4dce041,4
24fd7c8d8,1
5cbe99be7,1
6f07e7abf,1
be16b20d6,4
9b56301b6,2
24fc91fae,2
ec13e5f25,4
3.24E+59,1
f6beefaeb,2
bd59fdd99,4
a6236b3b8,4
17ac391be,3
01dac4b22,4
ae4ebeb3e,2
c3208c19d,4
1758efd47,4
797725280,1
8f26b1b5c,4
982564925,2
7b01ae317,1
45c718348,3
a8f735068,4
8d51c3200,2
86386b0c0,4
b9568ee6f,4
94918fff6,1
ac809f1ba,2
61fdcb2ec,2
406f92f52,3
a55f8d58a,2
816005a03,2
b6106ecb8,4
ab22c3350,1
cac68ead1,3
9d72113d5,4
c8c313331,2
7cf995ca4,1
ce344f70e,4
a7344d7f5,3
6b6cdfdfe,4
4525391a7,4
e09995135,2
e3e70d2b0,2
78c894840,4
bcf546cb8,2
b5c553616,2
6c3d7237b,4
196f95fdb,3
2340f8360,4
a528683b3,4
d5ba03e9a,4
229d33382,4
664d0bed8,3
21655a8bc,1
01b26743c,4
879ce67b8,4
cb278aa01,2
e315452b5,4
83dff4077,2
6d6bb4a66,4
805dcae38,4
5264f98c4,4
c76384236,1
b9aead110,1
b4226db5f,4
b147d1870,4
2a19120e7,4
a9575b655,4
108da3f0d,4
951352bea,1
93685a66f,3
7d18ee078,3
a1188fdb7,4
68df0b84c,2
8d7c78428,4
4194f0f66,1
94d930dae,1
85fd5df90,2
4c9e42452,4
53abbdf1d,2
d37de633e,4
a5f08e991,4
92f84c5b7,3
480f33a74,2
fe38b7b23,3
48bfc494a,4
aac68c707,1
ecbd85af1,4
5b64325b9,2
87c19915b,1
f21d7ec45,3
8a2faaf1f,2
92fae4396,2
0e6c32c9f,2
f0d5ff33a,2
948a1a82c,4
db044e38b,4
df0b49ce7,3
683f1dfd8,4
ee5f5db50,2
6ab29b3d4,4
67ab87b4a,3
c37bb10fd,2
f1953d1cd,1
81694b7db,1
4501e7e4f,1
9c680abbe,4
8d876343e,4
ef9154afe,2
4c40ad026,4
19d68bcc8,2
ac0cedc9c,4
1b154dffa,3
8a6f0c997,2
38664cbf0,1
4347c35e5,2
975091325,4
a2a6b4117,4
94438a5c5,1
6eff0639c,4
91add3784,4
0940ecf2b,1
067d0ccd3,2
1d4d75d35,1
1e0be9e49,4
f8e3fabe6,3
48769873a,2
acb614bba,3
a561b2487,2
c6e763332,3
d5d8c9fc1,1
031a01c36,2
eb3b2ad1f,1
0dca551f0,1
da3be5cb2,4
0f4291ce6,2
fff6f2f61,1
e98593be6,3
0e4cf50f4,4
0ac6fe826,4
576dcc546,4
b2385d700,2
a47931d69,4
5f9cf8892,2
6258b0d76,1
ebeebeee4,3
e472219f1,4
64c4f9057,2
28fe42572,1
b00d0fe1c,4
4e9a13862,2
ffaa73202,4
1a0ee9580,4
277014d80,2
65daac431,3
d1ef3e54a,2
b6256e92e,2
775d4b52e,4
7ea900f4d,2
6cdc6cab4,1
9ccf125f1,2
ae1362961,2
10ae2697f,1
ad8b0d9d1,4
d49ea4e84,4
fe5d572be,3
b80074591,3
15bcbb6e2,4
ea099a3ec,4
ebd128d90,1
0bd867d1b,4
fcf5f5a0d,4
040d87bbb,4
baefc2985,1
718b14a08,1
8f3392f18,1
aad08c47b,1
ea383096f,1
0f9d7b0f9,4
7188b5e8c,4
95696f11b,1
cb0f41a00,4
8a9465eee,2
d734c881a,2
89a41673f,2
05febeea3,4
bdb6ebb91,2
34482d66a,2
fadae6510,3
724736153,2
6dc2f0739,4
b4d6d190d,4
59913444e,2
47453584e,1
0dfa8e172,1
694b994c8,4
756d92515,2
c2284e2e9,2
112ae92e0,2
fcd19b26b,4
9daaa4e8f,4
c51c9e136,1
058d37dda,4
52a88696e,1
fed43b600,2
a06b5eb73,4
411792ceb,4
0164a9cfb,3
426132585,1
245bfe92f,4
82a108c64,3
76f668025,2
448770499,1
c5d1b9bf9,1
a706b0eb9,2
ad786540e,1
d30dcea91,3
6984b9727,3
74f391caa,2
1bbe4e4f0,4
894ab719d,3
6cf098e3a,2
536af3840,2
ef55e89bd,2
0d1067e63,1
682ed2e7b,2
5bb802fa1,4
a952a211e,2
a39e58f1f,4
0d85af6c4,2
a6d3839d8,1
7a3471df7,4
d092253a0,1
4b378329b,2
3ce643dc5,4
1a8503d2f,1
6344c2cde,4
cf2ae9919,2
3c3ff9ffb,4
52cf4a759,4
440676acb,2
5ea10e37f,3
02f37d829,1
37d0748c2,3
2e562fa52,4
02468e968,3
f3367a65d,2
8cf927527,4
94ec1c180,2
505c5d7c6,4
9cd08bb2c,4
5dd3f3eb0,2
68d430cbd,4
cfd87918e,3
4f18ce587,1
ec553a900,1
9.00E+11,4
e26125d75,4
0a71e754f,2
3d2745318,2
c8049d235,3
01231c438,2
bc7956085,4
872d79999,1
7575371db,4
84fbd99d9,3
acf9a72ca,2
b03336851,4
cef342d22,1
392df6910,2
488cefe35,4
d3c79cf76,4
b631b7e4a,3
810b069f2,4
d3b7112e2,1
e58bc75d7,2
18751b49e,1
a5f6e77bf,1
b0d4b988a,4
fa0010ce5,4
f27915d51,2
954a6e415,2
69daafdd4,4
7b7b7b71e,4
50fe7d515,3
3589a8a0d,4
ac52ba660,2
71f895aa2,1
082838f84,4
be07596c5,2
5042c6414,2
4f8a564a2,3
046d3a9d9,1
c74abc080,4
77f9b1470,4
0d9cdfbde,4
685010499,2
9cb525274,4
8813e5e4d,4
790a68c0c,4
cad8537e1,4
9a875f3f6,4
652f89d34,2
a06a2ee4e,3
3525855b3,4
6a8f9aa52,3
372f9cf86,4
00709d75b,3
b85cdc8a5,2
b06c1ad30,4
d62c55d90,2
2c0a3e57e,2
95c01e235,4
15770429,1
bcb22c952,1
770eca5eb,1
13296aae7,4
2a92877f7,4
7ac66a1c2,3
73f5dad5b,4
25fc96414,3
e935ae1d8,2
09b5921e9,3
d946f7a55,4
58e24d608,3
3c0450f2f,4
80fd005d2,4
ecb3e47a6,4
3c97d1670,2
eeaa5c53c,2
89bac4c29,4
b5f105607,4
b3111f360,2
7c9fdd0ca,4
40fcff82b,2
6e77550de,3
c31f3d3f3,4
4b6c04393,2
19272319c,3
2560aee80,2
18ee92cdf,4
ed9d88a61,4
b5521c7e1,3
4ff447944,4
7ea357093,2
895f73f14,4
2b34c70e7,1
e39881452,4
b4cc525db,2
41e792442,4
40d430494,4
52af450f8,2
db1f9bca1,2
e22b9edd0,4
303b3795f,4
6f2b619bb,2
8bf0f354b,2
457bdfb16,1
5188ce75b,4
cb568959e,2
12ba67e43,2
5457a593a,4
9f9bfa4d9,4
f780d04ae,3
8c70e9de2,1
18c3b1a1a,2
9d9197e7e,2
5bd62c76f,4
ada93cece,4
4405cc72c,2
363a00ab0,1
e6b64b212,2
4bb96a979,2
d59c369c3,3
868dcd617,1
9385e1d2e,1
bbcaecdd4,1
fae1e95de,2
979e3f8f7,3
16ac32123,2
254c3305f,2
2813f2ff9,4
8bda483ec,2
d8a94961e,1
f222ca167,2
25b827551,2
83d36f269,4
a71f9ca6b,2
90b438e96,1
f2fba72d2,4
26cb1c2c0,4
9fecfc736,1
3d136a793,2
ae9a09ad6,2
fb53fe33d,4
0d653b602,1
6ac7e0c51,4
3bb1086d6,4
9fb89d88f,3
e4941c40c,4
bf6e18567,3
01da89f29,4
67e8df1d3,1
21178f3b0,3
47cda4c03,1
a234c6496,4
71419d422,4
44cd12263,2
508df8433,2
73d7bb2ce,1
44c2e1fd1,1
19fd91f5b,4
ab17ce306,2
ab503c64a,1
abe9e2d91,2
2edfe6ec8,2
c0096c460,4
de445d837,4
8b1abca6a,4
4de32c463,1
626b056b5,4
2563127ad,4
69d413ff2,3
4084b0a93,1
8df053c7e,3
22145fe75,2
b35e6306c,4
564356241,4
9e5ba0e42,2
05d8b5a9d,4
2391fcc9d,4
8f2946027,2
6326958d4,2
7a8fc4913,4
72d77924a,4
8ee8b9d0f,1
653b3e668,1
4c74d479c,1
c3a2d4d83,4
f02ef09d7,4
d5f80598c,4
bdb89b424,1
03e5bf50b,4
50abab539,4
66c28f55b,4
3cdaf32d2,1
73d6ab7d7,2
082b9a2de,1
1b5dbc3cf,2
787086e9d,4
662011890,4
c0488da92,4
195c119c9,2
32d8fa52b,2
1ee752de1,2
12a280806,4
272a3fb52,1
639fed947,1
ace8a42bd,2
6dbb13673,2
b2937acb6,4
27dd38817,2
19926213a,2
0b0d903f4,4
168f1c6e9,3
718c4b524,4
4887999cc,2
e772235aa,2
fbc0c9535,4
854b2bc3b,3
cb256c605,4
e0e8d63df,2
16eefbec7,4
be84c367d,4
d4bc5b7ca,1
ebe1f2665,4
e5cf352b2,4
07dd9a0a5,2
32efae9d5,2
1f6849a20,2
a68e8378d,4
9aabc0113,1
ffef9a2af,2
ea6129e3d,2
1499fbe78,3
a75bbea18,2
6f551693a,2
53c344d06,4
5250b8bc3,4
9a1715a97,1
c3cef1c4b,2
9a218ea6c,2
9de6b8550,1
de813940a,4
69f8a53c8,2
22992ecd0,2
36681852f,4
a98a5b0e8,1
c874c7c7c,1
b67778d17,3
d20ea312e,2
2ba708d92,4
1e6c42df6,3
cab92d5a3,4
91efb738a,4
9fe3f6afa,3
c30f7cde0,4
c24516b64,3
a7676842c,4
53abff075,2
2318247fb,3
230b9040d,1
c22078c20,3
c3270683d,4
55b797c90,4
a17411df1,3
9b11972b0,3
88c07e663,2
71aed274c,4
de489fcd8,2
a37e46e35,2
103dd7bb1,4
dcd0002db,4
dd62a2e7f,2
85332d295,1
9acf4992b,1
468ba458d,3
104c799db,4
e83e05a06,4
99459c30d,2
889ae00e3,4
d1a11cf42,2
b5b9449db,2
26c3a9079,1
2cb9d0599,4
78c3c7f21,3
64904cb52,2
e2f39a17e,4
fa323e99f,1
50d766c25,4
d6f0972d4,4
37f8a39c4,2
50f87522f,1
b4b4969b2,4
d1be4f433,4
7982ae716,1
4eb9c5991,3
0532bf9d3,2
731a2ef80,4
7d930d08c,2
f00413d87,2
30fff49fd,2
b1a6fb38c,4
207298884,4
d81afce4f,2
216840542,3
c28b3a879,2
f220ae6cd,1
bb76bfc79,4
19b7a9e47,3
902087c95,4
4dd8dd451,4
